Date,Q
2011-01-01,0.71619427784375
2011-01-02,0.6515622710729166
2011-01-03,0.5954768674895833
2011-01-04,0.5531093531041666
2011-01-05,0.5101004562604167
2011-01-06,0.47921602039583333
2011-01-07,0.4611294763854166
2011-01-08,0.5690998253958334
2011-01-09,0.5123793861770833
2011-01-10,0.5552336641041666
2011-01-11,0.6839112785833333
2011-01-12,0.6980284462187499
2011-01-13,0.6689243566249999
2011-01-14,0.6175093268541666
2011-01-15,0.5841532171666667
2011-01-16,0.53908217275
2011-01-17,0.5007162938020834
2011-01-18,0.46822922960416663
2011-01-19,0.44519345754166667
2011-01-20,0.4215125734166667
2011-01-21,0.4023589545520833
2011-01-22,0.38392095129166665
2011-01-23,0.36778365309375
2011-01-24,0.3533747288854167
2011-01-25,0.3412053898333333
2011-01-26,0.33227295025
2011-01-27,0.3223337199583333
2011-01-28,0.3113656233854167
2011-01-29,0.30152992919791666
2011-01-30,0.291788812125
2011-01-31,0.28325405929166664
2011-02-01,0.2745699879479167
2011-02-02,0.26623553141666667
2011-02-03,0.2576438771875
2011-02-04,0.25021020889583334
2011-02-05,0.24370322
2011-02-06,0.23715754652083332
2011-02-07,0.23127056570833335
2011-02-08,0.22643555211458333
2011-02-09,0.22152055832291664
2011-02-10,0.20715607342708334
2011-02-11,0.17459886267708333
2011-02-12,0.17135492230208335
2011-02-13,0.16824449704166666
2011-02-14,0.16494698083333334
2011-02-15,0.16195760790625
2011-02-16,0.16954393004166668
2011-02-17,0.17555229788541668
2011-02-18,0.17524234754166668
2011-02-19,0.17269077705208333
2011-02-20,0.16902454764583333
2011-02-21,0.16643581460416665
2011-02-22,0.16298290786458333
2011-02-23,0.15938012616666666
2011-02-24,0.15549739506250002
2011-02-25,0.15287946430208335
2011-02-26,0.15059487883333333
2011-02-27,0.15003802095833332
2011-02-28,0.1516225663125
2011-03-01,0.1496102664375
2011-03-02,0.1486686030625
2011-03-03,0.14570590619791665
2011-03-04,0.1444606663125
2011-03-05,0.14750878829166666
2011-03-06,0.14793834226041666
2011-03-07,0.14526446526041667
2011-03-08,0.14149198611458333
2011-03-09,0.13936540580208331
2011-03-10,0.13845788258333333
2011-03-11,0.13757151310416668
2011-03-12,0.137946778375
2011-03-13,0.14351182227083334
2011-03-14,0.16452611198958333
2011-03-15,0.18284732770833334
2011-03-16,4.885088379479167
2011-03-17,3.872055210614583
2011-03-18,2.4590646840833332
2011-03-19,1.5740136198854167
2011-03-20,1.148054350625
2011-03-21,0.9175205194166667
2011-03-22,0.76570009903125
2011-03-23,0.6413069378124999
2011-03-24,0.5401511993854167
2011-03-25,0.4910170553541667
2011-03-26,0.4629059933958333
2011-03-27,0.44107069479166666
2011-03-28,0.42678508023958334
2011-03-29,0.41882126685416665
2011-03-30,0.4056186474166667
2011-03-31,0.39196110985416666
2011-04-01,0.37390057940625
2011-04-02,0.36062063465625
2011-04-03,0.3589304003541667
2011-04-04,0.36334060806249996
2011-04-05,0.35664061203124997
2011-04-06,0.34475818969791666
2011-04-07,0.33452828460416667
2011-04-08,0.32846447530208334
2011-04-09,0.319413677
2011-04-10,0.30827790979166664
2011-04-11,0.29805527265625
2011-04-12,0.28949515076041665
2011-04-13,0.2765448173333333
2011-04-14,0.26503702336458335
2011-04-15,0.25495115861458334
2011-04-16,0.24343016284375
2011-04-17,0.22514531832291665
2011-04-18,0.20803064519791667
2011-04-19,0.19749497747916667
2011-04-20,0.18704166176041667
2011-04-21,0.17928858440624998
2011-04-22,0.17283546704166666
2011-04-23,0.16513604398958334
2011-04-24,0.15762606480208333
2011-04-25,0.15241762769791667
2011-04-26,0.148013772625
2011-04-27,0.15116540730208333
2011-04-28,0.15630205785416665
2011-04-29,0.17235219476041666
2011-04-30,0.17463356009375
2011-05-01,0.17007454311458334
2011-05-02,0.16861573608333333
2011-05-03,0.16693256627083333
2011-05-04,0.16275638757291666
2011-05-05,0.15925449596875
2011-05-06,0.15537458883333333
2011-05-07,0.15313368046875
2011-05-08,0.15152554382291666
2011-05-09,0.14953671420833334
2011-05-10,0.1450414271875
2011-05-11,0.14251405479166665
2011-05-12,0.14165620088541667
2011-05-13,0.1387839945
2011-05-14,0.13652260970833333
2011-05-15,0.14754982776041667
2011-05-16,0.13460992427083332
2011-05-17,0.13045217767708334
2011-05-18,0.12968517062499998
2011-05-19,0.127894619875
2011-05-20,0.1257395996875
2011-05-21,0.12376857327083333
2011-05-22,0.12345140680208333
2011-05-23,0.1227106956875
2011-05-24,0.1193245770625
2011-05-25,0.11711166020833334
2011-05-26,0.11500889473958333
2011-05-27,0.12698473947916666
2011-05-28,0.29367281960416663
2011-05-29,0.14377449380208332
2011-05-30,0.14093986010416668
2011-05-31,0.1373648541875
2011-06-01,0.15202285103125
2011-06-02,0.14446607623958332
2011-06-03,0.15318094231249998
2011-06-04,0.28482630705208334
2011-06-05,1.7394969391354167
2011-06-06,1.3289299514479167
2011-06-07,0.8507887071666667
2011-06-08,1.3392914808541667
2011-06-09,1.1619516669270833
2011-06-10,1.16627323115625
2011-06-11,1.0289449507395834
2011-06-12,0.9031039447083332
2011-06-13,0.7861218571458334
2011-06-14,0.65828695534375
2011-06-15,0.5713936133020833
2011-06-16,0.5150044550625
2011-06-17,0.47631367563541666
2011-06-18,0.4386843891875
2011-06-19,0.4015611359895834
2011-06-20,0.36691074429166665
2011-06-21,0.3441368884166667
2011-06-22,0.32285821671875
2011-06-23,0.30659124498958334
2011-06-24,0.287099530125
2011-06-25,0.27241484480208333
2011-06-26,0.25881730003125
2011-06-27,0.24711109538541667
2011-06-28,0.23930033920833335
2011-06-29,0.22813696690625
2011-06-30,0.21906448510416665
2011-07-01,0.21294281679166668
2011-07-02,0.2047511937395833
2011-07-03,0.19401575503125001
2011-07-04,0.18465786132291664
2011-07-05,0.20337092836458334
2011-07-06,0.17721360982291667
2011-07-07,0.16893630930208334
2011-07-08,0.15998713605208334
2011-07-09,0.15515527166666668
2011-07-10,0.15186527119791668
2011-07-11,0.1505697985
2011-07-12,0.14483423232291667
2011-07-13,0.14144785782291666
2011-07-14,0.13839389708333333
2011-07-15,0.13556826535416666
2011-07-16,0.13123095997916667
2011-07-17,0.12582593861458333
2011-07-18,0.12341280092708333
2011-07-19,0.12246635631250001
2011-07-20,0.12297133580208335
2011-07-21,0.11683268840625
2011-07-22,0.11393832267708333
2011-07-23,0.11546701207291667
2011-07-24,0.11369195184375001
2011-07-25,0.11073208309375
2011-07-26,0.10913683673958334
2011-07-27,0.10789112655208333
2011-07-28,0.10634340071875
2011-07-29,0.10530163816666667
2011-07-30,0.10367538527083332
2011-07-31,0.10198589529166667
2011-08-01,0.10084948895833333
2011-08-02,0.09885629457291667
2011-08-03,0.09726585135416667
2011-08-04,0.09582183580208332
2011-08-05,0.0942930576875
2011-08-06,0.10685535460416667
2011-08-07,0.09774384567708333
2011-08-08,0.09712297420833334
2011-08-09,0.09579541606250001
2011-08-10,0.09427919451041666
2011-08-11,0.09346550595833335
2011-08-12,0.09235282613541668
2011-08-13,0.09167430702083333
2011-08-14,0.09003102660416668
2011-08-15,0.29859145442708335
2011-08-16,0.07964465350000001
2011-08-17,0.07377385179166666
2011-08-18,0.07345094664583333
2011-08-19,0.07151154690625
2011-08-20,0.0704520959375
2011-08-21,0.07002293582291667
2011-08-22,0.06862360503124999
2011-08-23,0.06744351065625
2011-08-24,0.06651021444791667
2011-08-25,0.06467637470833333
2011-08-26,0.06227416987500001
2011-08-27,0.05974338916666667
2011-08-28,0.056940026208333334
2011-08-29,0.0548448789375
2011-08-30,0.05358586696875001
2011-08-31,0.05249010715625
2011-09-01,0.06080520729166666
2011-09-02,0.08862890160416666
2011-09-03,0.09066737186458333
2011-09-04,0.09026156487499999
2011-09-05,0.10411985693749999
2011-09-06,0.09157236810416668
2011-09-07,0.08912484320833335
2011-09-08,0.0886766140625
2011-09-09,0.08837506064583334
2011-09-10,0.08753319386458334
2011-09-11,0.08694946975000001
2011-09-12,0.08729785376041667
2011-09-13,0.08631852094791669
2011-09-14,0.0853766370625
2011-09-15,0.08430163551041668
2011-09-16,0.08323243584375
2011-09-17,0.08160112971875001
2011-09-18,0.0818038893125
2011-09-19,0.14102121763541667
2011-09-20,0.10209686150000001
2011-09-21,0.10302011497916667
2011-09-22,0.10351484880208334
2011-09-23,0.10298439690625
2011-09-24,0.1021477618125
2011-09-25,0.10082345446875
2011-09-26,0.09979185157291666
2011-09-27,0.09814736343750001
2011-09-28,0.09611596991666667
2011-09-29,0.09428662970833333
2011-09-30,0.09270174415625
2011-10-01,0.09093661232291667
2011-10-02,0.08915479313541667
2011-10-03,0.08773766351041667
2011-10-04,0.08639582696874999
2011-10-05,0.08520487959375
2011-10-06,0.08422261781250001
2011-10-07,0.08792389747916667
2011-10-08,0.08406893146875
2011-10-09,0.08259922578125001
2011-10-10,0.08069946860416667
2011-10-11,0.07963700259375
2011-10-12,0.07870131651041666
2011-10-13,0.07790613076041666
2011-10-14,0.07684620548958333
2011-10-15,0.07614866033333333
2011-10-16,0.07548384045833333
2011-10-17,0.07471904633333333
2011-10-18,0.07417652070833333
2011-10-19,0.07532549675
2011-10-20,0.13748773157291666
2011-10-21,0.09571885333333334
2011-10-22,0.09479548053124999
2011-10-23,0.09454883954166667
2011-10-24,0.0933371053125
2011-10-25,0.49114988802083337
2011-10-26,0.8424886631770834
2011-10-27,0.2503205461145833
2011-10-28,0.21274488002083333
2011-10-29,0.23153380241666666
2011-10-30,0.23656821704166667
2011-10-31,0.23062642279166667
2011-11-01,0.22107825279166668
2011-11-02,0.20930444503125
2011-11-03,0.19881995276041667
2011-11-04,0.19202401624999998
2011-11-05,0.2752602816145833
2011-11-06,5.539359865520833
2011-11-07,11.057526157166668
2011-11-08,9.16132496353125
2011-11-09,4.776281217520833
2011-11-10,2.494200435510417
2011-11-11,1.58062143334375
2011-11-12,1.1531700141979166
2011-11-13,0.9487570485
2011-11-14,0.8305381431979167
2011-11-15,0.7327349771458334
2011-11-16,0.6447349681354166
2011-11-17,0.5755426423333333
2011-11-18,0.5181866971979167
2011-11-19,0.47151277540625003
2011-11-20,0.43700677373958335
2011-11-21,0.4070549587395833
2011-11-22,0.37862145646875
2011-11-23,0.35467346728125
2011-11-24,0.33329803861458335
2011-11-25,0.314376661
2011-11-26,0.2958148248020833
2011-11-27,0.2816447680520833
2011-11-28,0.266898589375
2011-11-29,0.25548364802083334
2011-11-30,0.24408507378125
2011-12-01,0.23552211273958334
2011-12-02,0.22992571301041664
2011-12-03,0.24482246393749998
2011-12-04,0.2476873451875
2011-12-05,0.25034991702083337
2011-12-06,0.23909376822916664
2011-12-07,0.22690156421875
2011-12-08,0.2168447495
2011-12-09,0.20755149976041667
2011-12-10,0.2016756596875
2011-12-11,0.19568098219791666
2011-12-12,0.19404950817708333
2011-12-13,0.19128151028124998
2011-12-14,0.19139592616666667
2011-12-15,0.19706678665625
2011-12-16,0.23709598707291668
2011-12-17,0.35355852809375005
2011-12-18,0.30434726426041664
2011-12-19,0.27943003633333335
2011-12-20,0.26299310076041665
2011-12-21,0.25355320705208334
2011-12-22,0.24422391567708335
2011-12-23,0.2350833618125
2011-12-24,0.22754611011458334
2011-12-25,0.21831537919791666
2011-12-26,0.20868421652083333
2011-12-27,0.20018708479166666
2011-12-28,0.19421688101041668
2011-12-29,0.18627340592708333
2011-12-30,0.17423699846875
2011-12-31,0.16331006091666667
2012-01-01,0.15602748575
2012-01-02,0.15508016647916667
2012-01-03,0.160793324125
2012-01-04,0.155022962875
2012-01-05,0.15315316117708333
2012-01-06,0.15157260204166667
2012-01-07,0.14486778189583333
2012-01-08,0.14155699870833333
2012-01-09,0.13705409494791668
2012-01-10,0.13359830952083332
2012-01-11,0.13064386598958333
2012-01-12,0.12753810386458334
2012-01-13,0.12585375733333334
2012-01-14,0.12274991659375001
2012-01-15,0.11918196636458334
2012-01-16,0.11528320789583334
2012-01-17,0.11271499535416667
2012-01-18,0.10955501026041665
2012-01-19,0.10732696128125001
2012-01-20,0.10596895705208333
2012-01-21,0.10382834686458332
2012-01-22,0.10233905548958333
2012-01-23,0.10048652108333334
2012-01-24,0.09855155209375
2012-01-25,0.09608771457291666
2012-01-26,0.09407912707291667
2012-01-27,0.09213639909375
2012-01-28,0.09100334885416667
2012-01-29,0.08970076255208333
2012-01-30,0.08785386557291668
2012-01-31,0.08630427016666668
2012-02-01,0.08506689003125001
2012-02-02,0.08400732488541668
2012-02-03,0.08243221730208333
2012-02-04,0.08045898411458334
2012-02-05,0.07942804970833334
2012-02-06,0.07750340017708333
2012-02-07,0.077294713375
2012-02-08,0.07623902410416666
2012-02-09,0.07511634970833334
2012-02-10,0.07403143302083333
2012-02-11,0.07292504996875
2012-02-12,0.07205691035416667
2012-02-13,0.07103633947916667
2012-02-14,0.07030780363541667
2012-02-15,0.06952561322916667
2012-02-16,0.06903081535416668
2012-02-17,0.06828322457291668
2012-02-18,0.06759619847916666
2012-02-19,0.06710751902083333
2012-02-20,0.06691249939583334
2012-02-21,0.06563855298958333
2012-02-22,0.06507279933333333
2012-02-23,0.0650737315
2012-02-24,0.06724102366666666
2012-02-25,0.07129869294791667
2012-02-26,0.07368070164583333
2012-02-27,0.072274011875
2012-02-28,0.07076491903125
2012-02-29,0.06928520280208333
2012-03-01,0.06998126832291666
2012-03-02,0.07082136138541667
2012-03-03,0.07256485112500001
2012-03-04,0.07394371622916666
2012-03-05,0.07664215201041667
2012-03-06,0.08039737809375
2012-03-07,0.08085223004166667
2012-03-08,0.08146419885416667
2012-03-09,0.08137185542708333
2012-03-10,0.07980414348958334
2012-03-11,0.07816218110416666
2012-03-12,0.07619536443750001
2012-03-13,0.07409013004166666
2012-03-14,0.072390480375
2012-03-15,0.07052145409375
2012-03-16,0.06907234901041666
2012-03-17,0.06777857138541667
2012-03-18,0.066675680875
2012-03-19,0.0665794360625
2012-03-20,0.066329039375
2012-03-21,0.06631572761458333
2012-03-22,0.06724676138541667
2012-03-23,0.06702352091666668
2012-03-24,0.06641290457291667
2012-03-25,0.06610699729166666
2012-03-26,0.06566477670833333
2012-03-27,0.06518208920833334
2012-03-28,0.06452408633333333
2012-03-29,0.064182772875
2012-03-30,0.06359759166666666
2012-03-31,0.06301387750000001
2012-04-01,0.06269001058333333
2012-04-02,0.062003546250000006
2012-04-03,0.061601149833333334
2012-04-04,0.06143037933333334
2012-04-05,0.09647418238541666
2012-04-06,0.11138130485416665
2012-04-07,0.11706403386458335
2012-04-08,0.12725497540625
2012-04-09,0.12431535398958334
2012-04-10,0.12026621495833334
2012-04-11,0.14792654555208332
2012-04-12,0.19322953057291667
2012-04-13,0.20392876462499998
2012-04-14,0.20239273570833335
2012-04-15,0.22934334442708335
2012-04-16,0.2611459775833333
2012-04-17,0.26930812590625003
2012-04-18,0.2782271835416667
2012-04-19,0.3104345728645833
2012-04-20,0.35367123353124996
2012-04-21,0.3607319013958334
2012-04-22,0.35019857591666664
2012-04-23,0.34035119615625
2012-04-24,0.6020122040833333
2012-04-25,0.6727957452395833
2012-04-26,0.5360381031458333
2012-04-27,0.49089777809375
2012-04-28,0.4552327476979167
2012-04-29,0.4242165337604167
2012-04-30,0.39974317766666667
2012-05-01,0.38821564012500004
2012-05-02,0.39287059903125
2012-05-03,0.37826760789583336
2012-05-04,0.35691788523958334
2012-05-05,0.3401322845208333
2012-05-06,0.3388107901875
2012-05-07,0.33404074221874996
2012-05-08,0.3221555877291667
2012-05-09,0.30340838615625
2012-05-10,0.28524592296875
2012-05-11,0.26749639453125
2012-05-12,0.25445750617708335
2012-05-13,0.25633541249999997
2012-05-14,0.24143052417708333
2012-05-15,0.23404342952083335
2012-05-16,0.22624064396875
2012-05-17,0.21305241329166666
2012-05-18,0.20455368719791667
2012-05-19,0.19782663953125001
2012-05-20,0.19485414405208334
2012-05-21,1.9308093628854166
2012-05-22,1.4045252707395832
2012-05-23,1.1792562811770833
2012-05-24,0.9199074249583333
2012-05-25,0.7456212776666667
2012-05-26,0.6116120197395833
2012-05-27,0.5208798321979167
2012-05-28,0.46783224098958337
2012-05-29,0.42350310252083334
2012-05-30,0.38548141029166666
2012-05-31,0.35635403642708335
2012-06-01,0.32983891765625
2012-06-02,0.3082033561145833
2012-06-03,0.2899551751458333
2012-06-04,0.29166276490625004
2012-06-05,0.27143060586458334
2012-06-06,0.2583023287395833
2012-06-07,0.24706270954166665
2012-06-08,0.23867305553124998
2012-06-09,0.23000377947916664
2012-06-10,0.22202957187499997
2012-06-11,0.22132150098958334
2012-06-12,0.25491513574999997
2012-06-13,0.24983410653125002
2012-06-14,0.23981097155208334
2012-06-15,0.22442087444791667
2012-06-16,0.21237654952083332
2012-06-17,0.20307467616666666
2012-06-18,0.1967287075416667
2012-06-19,0.1894884395416667
2012-06-20,0.18468449615625002
2012-06-21,0.1785087038020833
2012-06-22,0.1729371445
2012-06-23,0.16686923114583332
2012-06-24,0.16237116679166666
2012-06-25,0.15864673030208334
2012-06-26,0.15358914083333333
2012-06-27,0.14883705663541666
2012-06-28,0.14486353213541667
2012-06-29,0.14066521663541667
2012-06-30,0.13688961360416665
2012-07-01,0.13274174569791666
2012-07-02,0.12919022391666665
2012-07-03,0.12628780309375
2012-07-04,0.12341698432291666
2012-07-05,0.12052467886458333
2012-07-06,0.12130946178125
2012-07-07,0.11823435288541667
2012-07-08,0.11344763186458334
2012-07-09,0.11077256834375
2012-07-10,0.11193183485416668
2012-07-11,0.11030298857291666
2012-07-12,0.11142613488541668
2012-07-13,0.10633100399999999
2012-07-14,0.105033036375
2012-07-15,0.10399844905208333
2012-07-16,0.10256071263541666
2012-07-17,0.10024850983333333
2012-07-18,0.09823189120833332
2012-07-19,0.09664786154166666
2012-07-20,0.09509420358333333
2012-07-21,0.10691218284375
2012-07-22,0.09796026190625
2012-07-23,0.09514300711458333
2012-07-24,0.0943542790625
2012-07-25,0.09438725416666667
2012-07-26,0.09195583444791666
2012-07-27,0.08968309265625
2012-07-28,0.08807298144791666
2012-07-29,0.08669698487500001
2012-07-30,0.08503470423958333
2012-07-31,0.08313969543750001
2012-08-01,0.08210756538541668
2012-08-02,0.07992616744791667
2012-08-03,0.07829699795833334
2012-08-04,0.07643214220833333
2012-08-05,0.07516199438541667
2012-08-06,0.07411808783333333
2012-08-07,0.07236000315625
2012-08-08,0.0705364936875
2012-08-09,0.06945545786458333
2012-08-10,0.06881809417708333
2012-08-11,0.068058786375
2012-08-12,0.06653657128125
2012-08-13,0.06543048833333333
2012-08-14,0.06429192920833333
2012-08-15,0.06331205675
2012-08-16,0.06236601020833334
2012-08-17,0.06305300100000001
2012-08-18,0.061427040666666675
2012-08-19,0.06057555307291667
2012-08-20,0.059676033197916666
2012-08-21,0.05895262845833333
2012-08-22,0.05803932883333334
2012-08-23,0.057403288125
2012-08-24,0.056232157124999994
2012-08-25,0.05527494677083333
2012-08-26,0.055148803354166664
2012-08-27,0.054313547375
2012-08-28,0.053635356489583334
2012-08-29,0.052724912354166674
2012-08-30,0.05227910495833333
2012-08-31,0.054325731999999995
2012-09-01,0.17918889571875
2012-09-02,0.12578510637499998
2012-09-03,0.18117057559375002
2012-09-04,0.4645714220104167
2012-09-05,0.15019420127083333
2012-09-06,0.1289056110625
2012-09-07,0.1244496401875
2012-09-08,0.12458354127083333
2012-09-09,0.12473251213541665
2012-09-10,0.12494031397916666
2012-09-11,0.1255418324375
2012-09-12,0.20794457044791667
2012-09-13,0.21493740680208331
2012-09-14,0.16580326472916668
2012-09-15,0.14861068526041668
2012-09-16,0.13512903725
2012-09-17,0.1262473666875
2012-09-18,0.12032634878125
2012-09-19,0.11891025570833334
2012-09-20,0.11539595123958334
2012-09-21,0.11136155824999999
2012-09-22,0.10824008069791667
2012-09-23,0.10576430916666667
2012-09-24,0.10400275926041667
2012-09-25,0.10183110542708333
2012-09-26,0.10027323761458333
2012-09-27,0.12784089140625002
2012-09-28,0.11325685359375
2012-09-29,0.1199681675625
2012-09-30,0.1809704250416667
2012-10-01,0.7097300985104167
2012-10-02,0.31954165412499996
2012-10-03,0.2979057239270833
2012-10-04,0.29952833818749997
2012-10-05,0.28413972347916666
2012-10-06,0.2688637993958333
2012-10-07,0.25368956696875
2012-10-08,0.23486064806249998
2012-10-09,0.2197394368125
2012-10-10,0.20695106690624998
2012-10-11,0.19504740408333332
2012-10-12,0.18636809291666667
2012-10-13,0.17611819015625
2012-10-14,0.17006656501041664
2012-10-15,0.70421658609375
2012-10-16,0.6669087950625
2012-10-17,0.4003588856145834
2012-10-18,0.3708191692916667
2012-10-19,0.35129334815624996
2012-10-20,0.3308341676354167
2012-10-21,0.31054864785416664
2012-10-22,0.287476109875
2012-10-23,0.26596680061458333
2012-10-24,0.2490345481875
2012-10-25,0.23643757384375
2012-10-26,0.23303378989583334
2012-10-27,0.3730855436875
2012-10-28,0.4222728660208333
2012-10-29,0.36393907221875005
2012-10-30,0.34008196996875
2012-10-31,0.38378671837499995
2012-11-01,2.3454958228750002
2012-11-02,1.2422021812604167
2012-11-03,1.2701091722291666
2012-11-04,1.5988595150104166
2012-11-05,4.847039907302084
2012-11-06,2.69972321003125
2012-11-07,1.6690344635
2012-11-08,1.1814950143958334
2012-11-09,0.9392834985520833
2012-11-10,0.8080607810104167
2012-11-11,3.802603259145833
2012-11-12,2.47781749790625
2012-11-13,1.7827678414687498
2012-11-14,1.28299498159375
2012-11-15,1.0197262430833334
2012-11-16,0.8688287703645834
2012-11-17,0.7556694928645834
2012-11-18,0.66356564771875
2012-11-19,0.5845410978645833
2012-11-20,0.5157014417395833
2012-11-21,0.4600133583541666
2012-11-22,0.41547673428125
2012-11-23,0.38149488712499996
2012-11-24,0.3562896177708333
2012-11-25,0.33017393240625
2012-11-26,0.3137712621979167
2012-11-27,0.35179136610416667
2012-11-28,3.4858381980833335
2012-11-29,3.1395009716875
2012-11-30,2.3490778262604164
2012-12-01,1.51524760540625
2012-12-02,1.1583173587916666
2012-12-03,0.9527981969166667
2012-12-04,0.8127935780312501
2012-12-05,0.6960766659166667
2012-12-06,0.5983946245104167
2012-12-07,0.5349095311354167
2012-12-08,0.48276116982291667
2012-12-09,0.42934955025
2012-12-10,0.39895974044791666
2012-12-11,0.37011391522916665
2012-12-12,0.34336149990625
2012-12-13,0.32016147420833335
2012-12-14,0.3066297641875
2012-12-15,0.57699855284375
2012-12-16,0.497830628875
2012-12-17,0.45539371214583335
2012-12-18,0.44539991840625004
2012-12-19,0.4148562314375
2012-12-20,0.38815597323958334
2012-12-21,0.36934241247916666
2012-12-22,0.343923402
2012-12-23,0.3227772542083333
2012-12-24,0.30525477507291665
2012-12-25,0.2959226504270833
2012-12-26,0.35495543613541664
2012-12-27,0.3814475211354167
2012-12-28,0.36705583765625
2012-12-29,0.34116318996875
2012-12-30,0.3263236968541667
2012-12-31,0.3095545864375
2013-01-01,0.29791959659375
2013-01-02,0.2882107418125
2013-01-03,0.2717634531875
2013-01-04,0.26010173951041665
2013-01-05,0.25187532314583333
2013-01-06,0.2435390064375
2013-01-07,0.23788661186458335
2013-01-08,0.22701231994791668
2013-01-09,0.21625407165625
2013-01-10,0.209293656875
2013-01-11,0.2061405525
2013-01-12,0.19745068423958334
2013-01-13,0.19297183885416666
2013-01-14,0.19064273565625
2013-01-15,0.1854127414375
2013-01-16,0.185182696
2013-01-17,0.18076389959374997
2013-01-18,0.1731810786875
2013-01-19,0.1682328116875
2013-01-20,0.16778170044791665
2013-01-21,0.17513593982291667
2013-01-22,0.17447347682291667
2013-01-23,0.16929206677083333
2013-01-24,0.16607238361458335
2013-01-25,0.162647933125
2013-01-26,0.15961318371875
2013-01-27,0.15518755751041666
2013-01-28,0.15377617204166666
2013-01-29,0.14890103034375
2013-01-30,0.14728703782291666
2013-01-31,0.15074898948958335
2013-02-01,0.15559368770833334
2013-02-02,0.19151519173958334
2013-02-03,0.18846710253124999
2013-02-04,0.17624549474999998
2013-02-05,0.17425695980208333
2013-02-06,0.17646137745833335
2013-02-07,0.170882012125
2013-02-08,0.16682347294791666
2013-02-09,0.16337159604166665
2013-02-10,0.15961498114583333
2013-02-11,0.157284038125
2013-02-12,0.15998739120833333
2013-02-13,0.15315444632291667
2013-02-14,0.14810306811458332
2013-02-15,0.14427787603125
2013-02-16,0.13974711942708332
2013-02-17,0.13753848832291668
2013-02-18,0.13425103314583334
2013-02-19,0.13183320910416665
2013-02-20,0.12985660091666668
2013-02-21,0.12853996227083334
2013-02-22,0.12704264121875
2013-02-23,0.12481669602083334
2013-02-24,0.12397060857291665
2013-02-25,0.1221587019375
2013-02-26,0.11978292894791666
2013-02-27,0.11813369548958334
2013-02-28,0.12084087663541666
2013-03-01,0.13538833575
2013-03-02,0.15094524146875
2013-03-03,0.16145443888541666
2013-03-04,0.1648082589375
2013-03-05,0.16523297289583333
2013-03-06,0.17159122022916665
2013-03-07,0.23152847752083336
2013-03-08,0.33590690590625
2013-03-09,0.4848195148125
2013-03-10,0.6313016961458333
2013-03-11,0.6941959930416667
2013-03-12,0.7037185474583333
2013-03-13,0.7186891984895833
2013-03-14,0.6993086582916667
2013-03-15,0.61993843290625
2013-03-16,0.5311704361354167
2013-03-17,0.47315276132291667
2013-03-18,0.4465606437708334
2013-03-19,0.40927070883333333
2013-03-20,0.37446745777083335
2013-03-21,0.36361542536458336
2013-03-22,0.35627050147916667
2013-03-23,0.3474208454375
2013-03-24,0.35625769655208334
2013-03-25,0.46473124000000005
2013-03-26,0.47083866670833335
2013-03-27,0.4144014067083333
2013-03-28,0.3754589388645833
2013-03-29,0.37636304151041666
2013-03-30,0.47524005033333333
2013-03-31,0.7480333484479167
2013-04-01,0.82459246746875
2013-04-02,0.7073334510729167
2013-04-03,0.6748419807083333
2013-04-04,0.6776794058541666
2013-04-05,0.7667111162500001
2013-04-06,0.8698923984479167
2013-04-07,0.8680126001666667
2013-04-08,0.84145644725
2013-04-09,0.79451681890625
2013-04-10,0.7703136385416668
2013-04-11,0.75142044428125
2013-04-12,1.1119028049166666
2013-04-13,1.2077970050104165
2013-04-14,1.25317858509375
2013-04-15,1.40306452153125
2013-04-16,1.5346006417708333
2013-04-17,1.575971398625
2013-04-18,1.5674462743645832
2013-04-19,1.5618266981979165
2013-04-20,1.7438363296666666
2013-04-21,3.468822082697917
2013-04-22,3.5609703265208332
2013-04-23,2.777715143020833
2013-04-24,2.02293967896875
2013-04-25,1.5209772416145835
2013-04-26,1.2529622648958334
2013-04-27,1.42781015815625
2013-04-28,2.096050124197917
2013-04-29,1.91773465740625
2013-04-30,1.6552752358645832
2013-05-01,1.4001455818125
2013-05-02,1.2204169066354167
2013-05-03,1.0884322866354166
2013-05-04,0.9673497276145833
2013-05-05,0.9537085746979167
2013-05-06,1.3248830653020833
2013-05-07,1.1404252066875
2013-05-08,1.15561601615625
2013-05-09,1.0372411551979166
2013-05-10,0.96353895840625
2013-05-11,1.1378974338854166
2013-05-12,1.0472945363854167
2013-05-13,0.9427571414479167
2013-05-14,0.8579600349791666
2013-05-15,0.77398109821875
2013-05-16,5.286944475708333
2013-05-17,6.549141698604167
2013-05-18,4.021759116885417
2013-05-19,2.6086398504583332
2013-05-20,2.00951828253125
2013-05-21,1.4961302206354166
2013-05-22,1.2063802515416666
2013-05-23,1.0734804334895833
2013-05-24,1.49651474453125
2013-05-25,1.5942795121250002
2013-05-26,1.3308320552708335
2013-05-27,1.1779100091979167
2013-05-28,1.07540761178125
2013-05-29,0.999897306625
2013-05-30,0.9079336118333333
2013-05-31,0.7972391161041666
2013-06-01,0.7004788373541667
2013-06-02,0.6308426158229167
2013-06-03,0.5697196113333334
2013-06-04,0.5250061861458334
2013-06-05,0.48309145358333333
2013-06-06,0.4648005538541667
2013-06-07,0.42936838194791666
2013-06-08,0.41370869021874995
2013-06-09,0.43727255196875
2013-06-10,0.4225067509375
2013-06-11,0.4027273505625
2013-06-12,0.39097709380208334
2013-06-13,0.3760738883333334
2013-06-14,0.3613993469270833
2013-06-15,0.34569030729166667
2013-06-16,0.33163969834375
2013-06-17,0.31589799094791665
2013-06-18,0.30234749378125
2013-06-19,0.28858181932291666
2013-06-20,0.2760007260625
2013-06-21,0.26049560225
2013-06-22,0.24748914885416665
2013-06-23,0.23801663189583333
2013-06-24,0.24168763238541666
2013-06-25,0.22767908246875
2013-06-26,0.22065351489583332
2013-06-27,0.21889372496875
2013-06-28,0.2949805469166667
2013-06-29,0.242675239125
2013-06-30,0.22796622476041664
2013-07-01,0.21749562741666664
2013-07-02,0.20708287725
2013-07-03,0.20146478843750001
2013-07-04,0.19599624580208333
2013-07-05,0.19078878228124999
2013-07-06,0.18696787157291664
2013-07-07,0.17997450279166669
2013-07-08,0.17338735753125
2013-07-09,0.16808867080208334
2013-07-10,0.16308544703125
2013-07-11,0.15798297332291666
2013-07-12,0.18114340429166667
2013-07-13,0.153119379375
2013-07-14,0.14803114228125
2013-07-15,0.14325346745833334
2013-07-16,0.13921085303125
2013-07-17,0.13586600523958334
2013-07-18,0.13131417397916667
2013-07-19,0.12915908532291667
2013-07-20,0.12560357867708333
2013-07-21,0.12285665687500001
2013-07-22,0.11993253966666667
2013-07-23,0.11656591446874999
2013-07-24,0.11343712723958334
2013-07-25,0.11078741344791666
2013-07-26,0.10836893548958333
2013-07-27,0.10623833804166666
2013-07-28,0.10288677710416666
2013-07-29,0.1015847083125
2013-07-30,0.10076849176041668
2013-07-31,0.09721835653125
2013-08-01,0.09534372846875
2013-08-02,0.09411314854166668
2013-08-03,0.09168239034374999
2013-08-04,0.09016731751041666
2013-08-05,0.08891840035416666
2013-08-06,0.08735985707291667
2013-08-07,0.08621047703125001
2013-08-08,0.08505092790625
2013-08-09,0.08414597218750001
2013-08-10,0.08258405470833334
2013-08-11,0.08152435338541668
2013-08-12,0.08076239517708333
2013-08-13,0.0798661454375
2013-08-14,0.0815054878125
2013-08-15,0.07933583733333334
2013-08-16,0.07777369498958334
2013-08-17,0.0766843553125
2013-08-18,0.07580979044791666
2013-08-19,0.07461761633333333
2013-08-20,0.07307000522916667
2013-08-21,0.07197038819791667
2013-08-22,0.07098002976041666
2013-08-23,0.06973873259375
2013-08-24,0.06941578163541666
2013-08-25,0.07152804697916666
2013-08-26,0.07174209589583334
2013-08-27,0.071928454125
2013-08-28,0.07252039592708333
2013-08-29,0.07266349373958333
2013-08-30,0.07264978130208334
2013-08-31,0.07211507840625
2013-09-01,0.07186988826041667
2013-09-02,0.07142913445833333
2013-09-03,0.07017908169791666
2013-09-04,0.06925711482291667
2013-09-05,0.06910229852083334
2013-09-06,0.06874873836458333
2013-09-07,0.067624154
2013-09-08,0.06631492879166666
2013-09-09,0.06531946720833333
2013-09-10,0.06472243121875
2013-09-11,0.06816155144791668
2013-09-12,0.064840508875
2013-09-13,0.06396539383333334
2013-09-14,0.06319052270833334
2013-09-15,0.06275816675
2013-09-16,0.06408972795833333
2013-09-17,0.06238132416666667
2013-09-18,0.061320955541666666
2013-09-19,0.06045602308333334
2013-09-20,0.05967656753125
2013-09-21,0.05897938402083333
2013-09-22,0.0578189324375
2013-09-23,0.05691340375
2013-09-24,0.056067284531250004
2013-09-25,0.055377954718750004
2013-09-26,0.054176911916666674
2013-09-27,0.05263870964583334
2013-09-28,0.051946935114583336
2013-09-29,0.05103783885416666
2013-09-30,0.059615160364583336
2013-10-01,0.05848006815625
2013-10-02,0.056462917468750005
2013-10-03,0.05614313217708333
2013-10-04,0.05633435995833334
2013-10-05,0.055875387322916664
2013-10-06,0.055389924958333336
2013-10-07,0.1436614130625
2013-10-08,0.1014535625625
2013-10-09,0.10121532928125
2013-10-10,0.10546190888541666
2013-10-11,0.13949262245833333
2013-10-12,0.174290349125
2013-10-13,0.16452223468750002
2013-10-14,0.16081667773958333
2013-10-15,0.15426502864583333
2013-10-16,0.14841246380208334
2013-10-17,0.14132298371875
2013-10-18,0.14032464801041666
2013-10-19,0.13646122288541665
2013-10-20,0.13427855385416668
2013-10-21,0.12921390930208335
2013-10-22,0.12521005026041668
2013-10-23,0.12115237789583333
2013-10-24,0.16930539413541668
2013-10-25,0.14886239416666666
2013-10-26,0.14442309169791667
2013-10-27,0.13740833248958334
2013-10-28,0.13066922106249998
2013-10-29,0.12645135121874998
2013-10-30,0.12824363820833332
2013-10-31,0.12363722804166666
2013-11-01,0.12270483382291668
2013-11-02,0.12068754145833334
2013-11-03,0.13221466768749998
2013-11-04,0.15387017691666668
2013-11-05,0.21765050159375
2013-11-06,0.20534380069791666
2013-11-07,0.18474670327083334
2013-11-08,0.16920582280208332
2013-11-09,0.4503043680416667
2013-11-10,0.4419224426979167
2013-11-11,0.34584570353125005
2013-11-12,0.3050168543125
2013-11-13,0.28876362802083333
2013-11-14,0.2747523204166667
2013-11-15,0.28132126928125
2013-11-16,0.2756839235208333
2013-11-17,0.26270569672916666
2013-11-18,0.25409718665625
2013-11-19,0.2812244293333333
2013-11-20,0.30954444905208334
2013-11-21,0.3234288510625
2013-11-22,0.3434886353854167
2013-11-23,0.42245024924999997
2013-11-24,0.6917591233125
2013-11-25,0.60591875975
2013-11-26,0.49890414134375
2013-11-27,0.43353700002083334
2013-11-28,0.38763211517708335
2013-11-29,0.3569336438125
2013-11-30,0.3343437574583333
2013-12-01,0.30548188242708335
2013-12-02,0.28408299690625
2013-12-03,0.266521543
2013-12-04,0.2541195310104167
2013-12-05,0.246469850375
2013-12-06,0.24031946721875
2013-12-07,0.2258140213645833
2013-12-08,0.21192071761458334
2013-12-09,0.20499494530208331
2013-12-10,0.19469935858333332
2013-12-11,0.18718325497916666
2013-12-12,0.18145609775000002
2013-12-13,0.17902235117708332
2013-12-14,0.17268432826041666
2013-12-15,0.16559762064583333
2013-12-16,0.15723893777083334
2013-12-17,0.15141191565625
2013-12-18,0.14722142783333333
2013-12-19,0.14370430560416667
2013-12-20,0.13985727490625
2013-12-21,0.13604932195833333
2013-12-22,0.14705330928125002
2013-12-23,0.16607206542708333
2013-12-24,0.18468079978125
2013-12-25,0.28324381023958334
2013-12-26,4.664888727729166
2013-12-27,2.995936427666667
2013-12-28,1.8801012034270832
2013-12-29,1.21582821246875
2013-12-30,0.9902993090208333
2013-12-31,0.8371247219895833
2014-01-01,0.7088837453958333
2014-01-02,0.6157487479895833
2014-01-03,0.5444519078125
2014-01-04,1.2997215908541666
2014-01-05,2.717911348229167
2014-01-06,2.081091188333333
2014-01-07,1.540946045875
2014-01-08,1.1646085331875
2014-01-09,0.9411260689479167
2014-01-10,0.7949402185
2014-01-11,0.68425795165625
2014-01-12,0.5982831078020833
2014-01-13,0.5321753216979167
2014-01-14,0.5126189934375
2014-01-15,0.46518429525
2014-01-16,0.4289799362083333
2014-01-17,0.6014096670104166
2014-01-18,1.1650880875729166
2014-01-19,3.1612519179375003
2014-01-20,2.8866333006666665
2014-01-21,2.1489849636145832
2014-01-22,1.4374357597812502
2014-01-23,1.0975974098541668
2014-01-24,0.9019683155208332
2014-01-25,0.75912133578125
2014-01-26,0.65305698375
2014-01-27,0.5782445658229166
2014-01-28,0.5275578171354166
2014-01-29,0.46317086675
2014-01-30,0.4252379633125
2014-01-31,0.4469068496145833
2014-02-01,0.7408537253645834
2014-02-02,1.7917180854791666
2014-02-03,1.943581898625
2014-02-04,2.0968894473333335
2014-02-05,1.8138820656354167
2014-02-06,1.4377000960416666
2014-02-07,1.1945287736770833
2014-02-08,1.1036924801874999
2014-02-09,1.1817457235520834
2014-02-10,1.1062932622708332
2014-02-11,0.9623530136145834
2014-02-12,0.8229973971041668
2014-02-13,0.7314244560208333
2014-02-14,0.6983663669479167
2014-02-15,0.6405503833958334
2014-02-16,0.6444519724166666
2014-02-17,1.7436150166770832
2014-02-18,1.48520416546875
2014-02-19,1.3537790976354167
2014-02-20,1.2840454962395833
2014-02-21,1.1635765158333333
2014-02-22,1.0967796271249999
2014-02-23,0.9677245711354167
2014-02-24,0.84040285809375
2014-02-25,0.7380163671770834
2014-02-26,0.6626571198958333
2014-02-27,0.6010394828645833
2014-02-28,0.5522608260208334
2014-03-01,0.53607041315625
2014-03-02,0.5465833003333334
2014-03-03,0.5378020923958333
2014-03-04,0.5162072158750001
2014-03-05,0.5024758897083333
2014-03-06,0.5058468767083334
2014-03-07,0.5035324899583333
2014-03-08,0.5055472104895834
2014-03-09,0.5034756112708333
2014-03-10,0.5038780801041667
2014-03-11,0.48448724571874996
2014-03-12,0.46608269109374995
2014-03-13,0.4629941260833333
2014-03-14,0.46784596303125
2014-03-15,0.4900560209791667
2014-03-16,0.50703230178125
2014-03-17,0.5494571876145834
2014-03-18,0.591501506125
2014-03-19,0.62658344928125
2014-03-20,0.6458191911875
2014-03-21,0.6613917032708333
2014-03-22,0.7668630235729167
2014-03-23,1.9735730244791665
2014-03-24,1.9328545800104167
2014-03-25,1.57702407709375
2014-03-26,1.1611013540833333
2014-03-27,0.9480079169375001
2014-03-28,0.8024222805416666
2014-03-29,0.7080764903125
2014-03-30,0.6469021420833333
2014-03-31,0.6182342364895833
2014-04-01,0.6125366892291667
2014-04-02,0.61242481790625
2014-04-03,0.61069440071875
2014-04-04,0.6084494470833334
2014-04-05,0.6606025902604167
2014-04-06,0.63378594296875
2014-04-07,0.6509065241875
2014-04-08,0.6826505652916667
2014-04-09,0.6642739238645833
2014-04-10,0.628662379
2014-04-11,0.5865098170833333
2014-04-12,0.5500674403333333
2014-04-13,0.5229166658125001
2014-04-14,0.49882671963541664
2014-04-15,0.48317597083333336
2014-04-16,0.4529815650833333
2014-04-17,0.4246804397604167
2014-04-18,0.3988798891875
2014-04-19,0.38650463340625
2014-04-20,0.36213668115625003
2014-04-21,0.3656432404166667
2014-04-22,0.36818323832291666
2014-04-23,0.3643936507291667
2014-04-24,0.36909736489583334
2014-04-25,0.38132064057291665
2014-04-26,0.40754528640625004
2014-04-27,0.6031978399166666
2014-04-28,3.0571277794375002
2014-04-29,4.9876427462083335
2014-04-30,3.697349750666667
2014-05-01,2.60839678103125
2014-05-02,2.31083356490625
2014-05-03,2.2109958501770834
2014-05-04,1.8456725546770834
2014-05-05,1.3548456869687502
2014-05-06,1.0994789387395834
2014-05-07,0.9526666290416667
2014-05-08,0.8241854775937499
2014-05-09,0.7315233523854167
2014-05-10,0.6759857535208332
2014-05-11,0.64497806109375
2014-05-12,0.5932302701979167
2014-05-13,0.5525293026145833
2014-05-14,0.5055959286666667
2014-05-15,0.47026608058333336
2014-05-16,0.4320596462395834
2014-05-17,0.40357718935416664
2014-05-18,0.37710191194791665
2014-05-19,0.35718786982291667
2014-05-20,0.3408251853125
2014-05-21,0.33160462165625
2014-05-22,0.3246918570833333
2014-05-23,0.32657983672916663
2014-05-24,0.30706886394791666
2014-05-25,0.29517424010416665
2014-05-26,0.290880749625
2014-05-27,0.28220449596875
2014-05-28,0.27012443328125
2014-05-29,0.26250449130208336
2014-05-30,0.25533443470833334
2014-05-31,0.24768670935416667
2014-06-01,0.23803202014583333
2014-06-02,0.23246083957291666
2014-06-03,0.22839471088541666
2014-06-04,0.22233452866666667
2014-06-05,0.22309089601041665
2014-06-06,0.2140537995625
2014-06-07,0.2094727679375
2014-06-08,0.20896700013541666
2014-06-09,0.2075151245625
2014-06-10,0.20040016114583334
2014-06-11,0.1933567049375
2014-06-12,0.19133960444791667
2014-06-13,0.2046006995
2014-06-14,0.24516394151041665
2014-06-15,0.21005658260416668
2014-06-16,0.18957355772916665
2014-06-17,0.1824777091458333
2014-06-18,0.17780328940625
2014-06-19,0.17269947523958332
2014-06-20,0.17079138945833336
2014-06-21,0.16733378382291667
2014-06-22,0.16380689611458335
2014-06-23,0.16404716258333332
2014-06-24,0.16984992694791667
2014-06-25,0.33341273151041667
2014-06-26,0.23522693748958334
2014-06-27,0.20295492276041668
2014-06-28,0.27589574857291665
2014-06-29,0.24167852442708335
2014-06-30,0.31295806426041667
2014-07-01,0.26138045554166667
2014-07-02,0.24879419602083333
2014-07-03,0.2399392348125
2014-07-04,0.23204478610416668
2014-07-05,0.22269289007291668
2014-07-06,0.22143985972916666
2014-07-07,0.2144178960208333
2014-07-08,0.24478362433333334
2014-07-09,0.37283926957291663
2014-07-10,0.3913440800416667
2014-07-11,0.3089887138958333
2014-07-12,0.2999444673645833
2014-07-13,0.29813973433333335
2014-07-14,0.32055832901041664
2014-07-15,0.31284396001041664
2014-07-16,0.301464689625
2014-07-17,0.28879871120833334
2014-07-18,0.2757411953854167
2014-07-19,0.26294930528125
2014-07-20,0.25115469900000004
2014-07-21,0.29698675653125
2014-07-22,0.28001106340625
2014-07-23,0.27512580065625
2014-07-24,0.2738959951354167
2014-07-25,0.26848052237500003
2014-07-26,0.8871488342083333
2014-07-27,0.95164437771875
2014-07-28,0.71668544759375
2014-07-29,0.8432507137395833
2014-07-30,1.0905581863020835
2014-07-31,1.04792318903125
2014-08-01,0.8767655293958333
2014-08-02,0.74581884153125
2014-08-03,0.6499957224895834
2014-08-04,0.5516855169583333
2014-08-05,0.4848105451875
2014-08-06,0.43363561795833333
2014-08-07,0.3941040453333333
2014-08-08,0.3624160591770833
2014-08-09,0.3662119030625
2014-08-10,0.32325695932291665
2014-08-11,0.30333018896875
2014-08-12,0.29307269572916667
2014-08-13,0.49196711134375
2014-08-14,0.5163783655104167
2014-08-15,0.4919384233958333
2014-08-16,0.4926525082604167
2014-08-17,0.46515955565625
2014-08-18,0.4416052963958333
2014-08-19,0.5101026422708334
2014-08-20,0.6211932958125
2014-08-21,1.031031735
2014-08-22,0.7530162943125
2014-08-23,0.9061619235208332
2014-08-24,0.8675468701666667
2014-08-25,0.7388236332083333
2014-08-26,0.6712424137916666
2014-08-27,0.6005124887708333
2014-08-28,0.5241963424479167
2014-08-29,0.4667821909166667
2014-08-30,0.42521545607291666
2014-08-31,0.49627675216666667
2014-09-01,0.5200783115520834
2014-09-02,0.41436178635416665
2014-09-03,0.6498399411354167
2014-09-04,0.52212666565625
2014-09-05,0.46394005066666666
2014-09-06,0.4624356462291667
2014-09-07,0.43344887754166667
2014-09-08,0.40515705825
2014-09-09,0.38521022624999995
2014-09-10,0.3931406752604167
2014-09-11,0.48945814348958333
2014-09-12,0.46789139501041666
2014-09-13,0.4621831349791667
2014-09-14,0.44386668747916663
2014-09-15,0.42075071879166664
2014-09-16,0.3976704966354167
2014-09-17,0.37049812809375
2014-09-18,0.34539309168750004
2014-09-19,0.32784552405208334
2014-09-20,0.30607149902083336
2014-09-21,0.28999129149999997
2014-09-22,0.2776610875416667
2014-09-23,0.2647489905729167
2014-09-24,0.2524535315625
2014-09-25,0.24210080436458334
2014-09-26,0.23139657604166666
2014-09-27,0.22162992826041664
2014-09-28,0.21385479164583332
2014-09-29,0.20612813725
2014-09-30,0.19975051482291664
2014-10-01,0.19482745773958332
2014-10-02,0.18742261045833333
2014-10-03,0.18065672610416664
2014-10-04,0.17481084258333335
2014-10-05,0.16971366809375
2014-10-06,0.16459674048958334
2014-10-07,0.16080168063541667
2014-10-08,0.16070168882291666
2014-10-09,0.15461661688541667
2014-10-10,0.14991000836458332
2014-10-11,0.20272896880208333
2014-10-12,0.16137341879166667
2014-10-13,0.5309404418958333
2014-10-14,0.4644929983854167
2014-10-15,0.30868017159375
2014-10-16,0.26912535518749997
2014-10-17,0.25632642715625
2014-10-18,0.24744811948958334
2014-10-19,0.24173319677083335
2014-10-20,0.23650251655208332
2014-10-21,0.23363317937499997
2014-10-22,0.23727328019791669
2014-10-23,0.2279161129375
2014-10-24,0.2219515036979167
2014-10-25,0.21343180882291668
2014-10-26,0.2038383866458333
2014-10-27,0.19633858383333333
2014-10-28,0.18852070228124998
2014-10-29,0.18190979640625002
2014-10-30,0.17609563807291664
2014-10-31,0.16988352821875
2014-11-01,0.16621300166666667
2014-11-02,0.16174211766666666
2014-11-03,0.15793448878125
2014-11-04,0.15653514240625
2014-11-05,1.67767893815625
2014-11-06,2.183182363958333
2014-11-07,1.5914798391458334
2014-11-08,1.40572549215625
2014-11-09,1.229713402125
2014-11-10,1.3516080073333334
2014-11-11,2.4221131036562498
2014-11-12,1.7177456037708332
2014-11-13,1.4647211339062498
2014-11-14,1.2004804907291666
2014-11-15,1.67370429390625
2014-11-16,2.7885918215937497
2014-11-17,1.9189974020833331
2014-11-18,1.7780501276041667
2014-11-19,1.4804914606979167
2014-11-20,1.2468090054895833
2014-11-21,1.0734591386145833
2014-11-22,0.94526316646875
2014-11-23,0.8039926304583332
2014-11-24,0.7295346809270833
2014-11-25,0.68279248925
2014-11-26,0.6468202763125
2014-11-27,0.6153717878125
2014-11-28,0.5848077588541667
2014-11-29,0.5643857995104167
2014-11-30,0.5475877188958334
2014-12-01,1.0478882291979168
2014-12-02,0.8539905442916668
2014-12-03,0.7381970862916667
2014-12-04,0.8084672426458334
2014-12-05,0.7882469757395834
2014-12-06,0.7730620760208334
2014-12-07,0.7579339689583334
2014-12-08,0.7448943015624999
2014-12-09,0.7005836734791666
2014-12-10,0.6494909691041667
2014-12-11,0.6165687896979167
2014-12-12,0.5869666232083334
2014-12-13,0.5531269041979167
2014-12-14,0.5198418606041667
2014-12-15,0.5008894777187499
2014-12-16,0.496220646
2014-12-17,0.4902279810416667
2014-12-18,0.4773611965208333
2014-12-19,0.46306597698958335
2014-12-20,0.4445459670625
2014-12-21,0.4152289892604167
2014-12-22,0.39544266271875
2014-12-23,0.3766699025625
2014-12-24,0.3591243006770833
2014-12-25,0.34723456521875
2014-12-26,0.3351158596354167
2014-12-27,0.32554405169791667
2014-12-28,0.32014671605208334
2014-12-29,0.3022789302916667
2014-12-30,0.28674332721875
2014-12-31,0.27717398884375
2015-01-01,0.26764597976041665
2015-01-02,0.26387231095833336
2015-01-03,0.2549889633645833
2015-01-04,0.24516155203125
2015-01-05,0.23433967785416665
2015-01-06,0.22555576154166668
2015-01-07,0.21801696520833333
2015-01-08,0.2105640325625
2015-01-09,0.20191881854166668
2015-01-10,0.19766039094791665
2015-01-11,0.19316032390625001
2015-01-12,0.18589972511458333
2015-01-13,0.18125880658333335
2015-01-14,0.17785581159375
2015-01-15,0.17364689580208334
2015-01-16,0.1778932423125
2015-01-17,0.6025718559791667
2015-01-18,0.4443408100208333
2015-01-19,0.37252186885416666
2015-01-20,0.34793634309375004
2015-01-21,0.33587759055208327
2015-01-22,0.33383508430208336
2015-01-23,0.32250031116666666
2015-01-24,0.3128420886354167
2015-01-25,0.300384414
2015-01-26,0.285580261875
2015-01-27,0.2751525369166667
2015-01-28,0.2621515605
2015-01-29,0.25508633658333335
2015-01-30,0.2575056411979167
2015-01-31,0.24186811015624998
2015-02-01,0.229077902125
2015-02-02,0.21594536884375
2015-02-03,0.20425658336458333
2015-02-04,0.1968182534375
2015-02-05,0.19068946178125
2015-02-06,0.19670516315625
2015-02-07,0.19095887822916668
2015-02-08,0.1808354009895833
2015-02-09,0.17616496478125
2015-02-10,0.17596644769791667
2015-02-11,0.18798991697916667
2015-02-12,0.19707053032291666
2015-02-13,0.19697012615624998
2015-02-14,0.18941565415624997
2015-02-15,0.22580153178124998
2015-02-16,0.26904729720833337
2015-02-17,0.2539764775
2015-02-18,0.24685458296874999
2015-02-19,0.24411051079166668
2015-02-20,0.24340567672916666
2015-02-21,0.24378264178125
2015-02-22,0.25013233647916666
2015-02-23,0.24582360319791666
2015-02-24,0.2557976222708333
2015-02-25,0.2588929781354167
2015-02-26,0.2531733320625
2015-02-27,0.25361761759375
2015-02-28,0.24991443747916667
2015-03-01,0.24757179595833334
2015-03-02,0.26330448402083334
2015-03-03,0.27974522227083337
2015-03-04,0.28065137300000004
2015-03-05,0.27217147771875
2015-03-06,0.26144645603125
2015-03-07,0.2552016478125
2015-03-08,0.25594755425
2015-03-09,0.2562408616875
2015-03-10,0.2521775746666667
2015-03-11,0.26351686146875003
2015-03-12,0.278730545875
2015-03-13,0.27590235561458337
2015-03-14,0.27342292723958334
2015-03-15,0.2648275579375
2015-03-16,0.26780186865625
2015-03-17,0.30815692597916666
2015-03-18,0.35788343470833334
2015-03-19,0.39186718758333333
2015-03-20,0.39759136172916665
2015-03-21,0.3959210355416667
2015-03-22,0.3994674643645833
2015-03-23,0.39811899769791664
2015-03-24,0.40425513183333334
2015-03-25,0.6236122697916667
2015-03-26,1.0161235704791667
2015-03-27,0.95192223721875
2015-03-28,0.9460575833645833
2015-03-29,0.8596995398749999
2015-03-30,0.7488783882604166
2015-03-31,0.69656256490625
2015-04-01,0.6728505665625
2015-04-02,0.6164076138645833
2015-04-03,0.5785118559270833
2015-04-04,0.5426510600312501
2015-04-05,0.5056543146666667
2015-04-06,0.4681580120104167
2015-04-07,0.4354507120833333
2015-04-08,0.40582819819791666
2015-04-09,0.37703136620833333
2015-04-10,0.3563078055208333
2015-04-11,0.34980882171875
2015-04-12,0.3486608623958333
2015-04-13,0.35887637667708333
2015-04-14,0.3706725918645833
2015-04-15,0.375679504125
2015-04-16,0.38445542128125004
2015-04-17,0.39307350117708334
2015-04-18,0.3979957433333334
2015-04-19,0.38039695993749995
2015-04-20,0.36419439409375
2015-04-21,0.34458468294791667
2015-04-22,0.32645582982291665
2015-04-23,0.3149983137708333
2015-04-24,0.3006840375
2015-04-25,0.29058476333333333
2015-04-26,0.28328397644791664
2015-04-27,0.35483516821875
2015-04-28,0.3758367351770833
2015-04-29,0.32459717834374996
2015-04-30,0.3387824676979167
2015-05-01,0.36060421267708337
2015-05-02,0.39949744973958334
2015-05-03,0.38863423894791665
2015-05-04,0.3733054048229167
2015-05-05,0.35865273712499995
2015-05-06,0.34236737294791664
2015-05-07,0.32133789
2015-05-08,0.3032349562291667
2015-05-09,0.2893196341875
2015-05-10,0.2712601358125
2015-05-11,0.25988777341666663
2015-05-12,0.24927351463541667
2015-05-13,0.24186772143750002
2015-05-14,0.23388428049999999
2015-05-15,0.27797942471875
2015-05-16,0.24955429902083334
2015-05-17,0.23248859108333333
2015-05-18,0.22796798803124999
2015-05-19,0.22392210801041668
2015-05-20,0.22471273049999999
2015-05-21,0.25565960145833333
2015-05-22,0.3830905440416667
2015-05-23,0.49121312132291667
2015-05-24,0.48755928538541665
2015-05-25,0.47403809826041665
2015-05-26,0.47129288802083336
2015-05-27,0.44631732184375
2015-05-28,0.41955371911458333
2015-05-29,0.39843157922916667
2015-05-30,0.3700505621770833
2015-05-31,0.35091025849999996
2015-06-01,0.32681309935416664
2015-06-02,0.30364271892708333
2015-06-03,0.2825642375520833
2015-06-04,0.26772580586458333
2015-06-05,0.25434482685416665
2015-06-06,0.24054343414583335
2015-06-07,0.23007568191666664
2015-06-08,0.22218255777083332
2015-06-09,0.21340466741666667
2015-06-10,0.2038210375
2015-06-11,0.19631233541666668
2015-06-12,0.21664196057291665
2015-06-13,0.20136485261458334
2015-06-14,0.19136059338541667
2015-06-15,0.20052894773958332
2015-06-16,0.19150655725
2015-06-17,0.18547951914583335
2015-06-18,0.17802976461458334
2015-06-19,0.17223231166666667
2015-06-20,0.16730325233333332
2015-06-21,0.15882159222916667
2015-06-22,0.15431628608333334
2015-06-23,0.16049098754166666
2015-06-24,0.15416273747916667
2015-06-25,0.14668172213541666
2015-06-26,0.14133639523958333
2015-06-27,0.14416526577083333
2015-06-28,0.137237164
2015-06-29,0.1315571923125
2015-06-30,0.12722508315625
2015-07-01,0.12372698234375
2015-07-02,0.11972913694791666
2015-07-03,0.11723297570833334
2015-07-04,0.11342427798958334
2015-07-05,0.11011232581250001
2015-07-06,0.10763870775
2015-07-07,0.10310122269791666
2015-07-08,0.10054985163541667
2015-07-09,0.09765813820833334
2015-07-10,0.09309196047916667
2015-07-11,0.09068648624999999
2015-07-12,0.08813099359375
2015-07-13,0.08593462820833335
2015-07-14,0.08381590765625001
2015-07-15,0.0813804348125
2015-07-16,0.07941935458333334
2015-07-17,0.07803133158333334
2015-07-18,0.07620198402083334
2015-07-19,0.07410940882291667
2015-07-20,0.08723853158333333
2015-07-21,0.07310931136458333
2015-07-22,0.07087989035416667
2015-07-23,0.16867204037500003
2015-07-24,0.12125651777083334
2015-07-25,0.3497554727916667
2015-07-26,0.17619127311458335
2015-07-27,0.17056787879166668
2015-07-28,0.15719421032291667
2015-07-29,0.1490258949375
2015-07-30,0.14100536091666668
2015-07-31,0.13463228130208332
2015-08-01,0.13301404856250001
2015-08-02,0.12425951270833334
2015-08-03,0.11863634255208333
2015-08-04,0.11755990622916668
2015-08-05,0.11279144969791667
2015-08-06,0.10942537755208333
2015-08-07,0.10785509943749999
2015-08-08,0.12220562745833334
2015-08-09,0.11066213465625001
2015-08-10,0.10623698536458333
2015-08-11,0.10253607638541667
2015-08-12,0.10124699648958334
2015-08-13,0.09909051670833334
2015-08-14,0.09655053591666667
2015-08-15,0.09478716071875
2015-08-16,0.09598924348958333
2015-08-17,0.09098718653125
2015-08-18,0.100410812
2015-08-19,0.10980656486458333
2015-08-20,0.09868859647916667
2015-08-21,0.14664955159375
2015-08-22,0.11128176096874999
2015-08-23,0.11355654921875001
2015-08-24,0.12525617208333334
2015-08-25,0.1346645811875
2015-08-26,0.12799946307291668
2015-08-27,0.12850909926041668
2015-08-28,0.12664408721875
2015-08-29,0.12435297723958333
2015-08-30,0.12027281533333334
2015-08-31,0.11712831377083334
2015-09-01,0.11293727358333333
2015-09-02,0.10859483636458334
2015-09-03,0.10463076560416666
2015-09-04,0.10147492173958333
2015-09-05,0.09953185897916667
2015-09-06,0.09540577588541667
2015-09-07,0.09216457105208332
2015-09-08,0.08944164461458333
2015-09-09,0.08690036794791667
2015-09-10,0.08527899876041667
2015-09-11,0.08468326538541666
2015-09-12,0.08310473842708334
2015-09-13,0.08260950421875
2015-09-14,0.859759344125
2015-09-15,0.2310224003125
2015-09-16,0.19185658505208333
2015-09-17,0.18571796469791668
2015-09-18,0.17940900953125002
2015-09-19,0.17802784705208333
2015-09-20,0.17953669228125
2015-09-21,0.17924034997916669
2015-09-22,0.18009255214583333
2015-09-23,0.20714111416666667
2015-09-24,0.18966283937499998
2015-09-25,0.1793301858854167
2015-09-26,0.1703960665520833
2015-09-27,0.16027814521875
2015-09-28,0.14793401084375
2015-09-29,0.1385502384375
2015-09-30,0.13034838797916667
2015-10-01,0.12234178540625
2015-10-02,0.11995739491666667
2015-10-03,0.12368558884375001
2015-10-04,0.13254661621875
2015-10-05,0.12595797836458333
2015-10-06,0.12774812408333333
2015-10-07,0.12852701469791666
2015-10-08,0.12703250534375
2015-10-09,0.1265960045
2015-10-10,0.125187491
2015-10-11,0.12379625902083334
2015-10-12,0.12057608600000001
2015-10-13,0.12630157747916668
2015-10-14,0.1744549265520833
2015-10-15,0.25732260430208337
2015-10-16,0.3810358165416667
2015-10-17,0.35975635863541666
2015-10-18,0.3167509910520833
2015-10-19,0.29898458376041664
2015-10-20,0.2845808815625
2015-10-21,0.2824542666666667
2015-10-22,0.27918636622916665
2015-10-23,0.27540337653125
2015-10-24,0.26945643389583335
2015-10-25,0.2610189990833333
2015-10-26,0.24915924516666665
2015-10-27,0.23676357452083333
2015-10-28,0.23620121537500002
2015-10-29,0.8486351725833333
2015-10-30,0.6778645330416667
2015-10-31,0.48235506327083333
2015-11-01,0.4382629654166667
2015-11-02,0.43131844288541665
2015-11-03,0.42708929709375004
2015-11-04,0.40923039513541665
2015-11-05,0.3824594689375
2015-11-06,0.3572247138333333
2015-11-07,0.33500468165624997
2015-11-08,0.31985998338541666
2015-11-09,0.3055104515
2015-11-10,0.29299913620833334
2015-11-11,0.27610319433333336
2015-11-12,0.2609523722604167
2015-11-13,0.24444507810416669
2015-11-14,0.23124333623958335
2015-11-15,0.21859175251041665
2015-11-16,0.20266330435416666
2015-11-17,0.19530579860416666
2015-11-18,0.1817938637395833
2015-11-19,0.17057289394791667
2015-11-20,0.16426836107291667
2015-11-21,0.16220013984375
2015-11-22,0.15497981257291668
2015-11-23,0.147029755625
2015-11-24,0.13756252289583334
2015-11-25,0.13471757140625
2015-11-26,0.12967111897916667
2015-11-27,0.12557856311458335
2015-11-28,0.12317090110416666
2015-11-29,0.11998097361458333
2015-11-30,0.11673763621875
2015-12-01,0.11302886178125
2015-12-02,0.10946286109374999
2015-12-03,0.10655748048958334
2015-12-04,0.10274839932291667
2015-12-05,0.10059772691666667
2015-12-06,0.09717091079166668
2015-12-07,0.09466907677083335
2015-12-08,0.0925014534375
2015-12-09,0.09045633480208333
2015-12-10,0.08930358576041668
2015-12-11,0.07872090257291667
2015-12-12,0.06988020746875
2015-12-13,0.06876230304166667
2015-12-14,0.06713600690625
2015-12-15,0.06595591476041666
2015-12-16,0.06476757003125
2015-12-17,0.06395183588541667
2015-12-18,0.0627864263125
2015-12-19,0.06202780779166667
2015-12-20,0.060908778260416664
2015-12-21,0.060347456364583336
2015-12-22,0.05971482669791667
2015-12-23,0.059227012
2015-12-24,0.05742718594791666
2015-12-25,0.057055629947916665
2015-12-26,0.05569220665625
2015-12-27,0.054984578364583335
2015-12-28,0.054072007406250004
2015-12-29,0.05377358966666667
2015-12-30,0.05289610838541667
2015-12-31,0.05210091819791667
2016-01-01,0.051890858114583334
2016-01-02,0.05230089180208333
2016-01-03,0.052180935062499996
2016-01-04,0.05189220334375
2016-01-05,0.050425294625
2016-01-06,0.0488412801875
2016-01-07,0.04828309325
2016-01-08,0.047653098625
2016-01-09,0.0567863563125
2016-01-10,0.06279498814583333
2016-01-11,0.58855665228125
2016-01-12,0.4190793356875
2016-01-13,0.30510548616666666
2016-01-14,0.27699573759375
2016-01-15,0.2556976816354167
2016-01-16,0.23814501571875
2016-01-17,0.22844658948958332
2016-01-18,0.21941052334375
2016-01-19,0.211206453375
2016-01-20,0.19739768835416668
2016-01-21,0.18014957694791667
2016-01-22,0.16435943542708334
2016-01-23,0.1507091159375
2016-01-24,0.13586685569791665
2016-01-25,0.12538420548958332
2016-01-26,0.11961054870833333
2016-01-27,0.11285923544791666
2016-01-28,0.10929691483333333
2016-01-29,0.10517978560416667
2016-01-30,0.10174826701041667
2016-01-31,0.09880933403124999
2016-02-01,0.09753973351041667
2016-02-02,0.09502138293750001
2016-02-03,0.09682450322916668
2016-02-04,0.09614114710416667
2016-02-05,0.09354167792708333
2016-02-06,0.09293042628124999
2016-02-07,0.11470357573958334
2016-02-08,0.4127715958645833
2016-02-09,0.4178513647916667
2016-02-10,0.7637776998020834
2016-02-11,0.5683271697083333
2016-02-12,0.5281521428125
2016-02-13,0.5032956366041667
2016-02-14,0.47851086721874997
2016-02-15,0.46023368255208336
2016-02-16,0.4545674467395833
2016-02-17,0.48344265101041667
2016-02-18,0.495906027625
2016-02-19,0.4737523347291666
2016-02-20,0.4456438100833333
2016-02-21,0.4195648016875
2016-02-22,0.40041357569791663
2016-02-23,0.41455817596875
2016-02-24,0.42096676652083337
2016-02-25,0.41220868338541666
2016-02-26,0.3920330824895833
2016-02-27,0.37471360590624997
2016-02-28,0.5228720322291667
2016-02-29,2.8571032568125
2016-03-01,1.4365968636458335
2016-03-02,1.1413101413020834
2016-03-03,1.0088214572083334
2016-03-04,0.8509800183541666
2016-03-05,0.7654178901875
2016-03-06,0.7825817120625
2016-03-07,0.7018483905208334
2016-03-08,0.62437793453125
2016-03-09,0.5739092092708333
2016-03-10,0.53920962765625
2016-03-11,0.51410283496875
2016-03-12,0.4987857454479167
2016-03-13,0.50374900903125
2016-03-14,0.49749001711458335
2016-03-15,0.48562416646875
2016-03-16,0.46317992601041663
2016-03-17,0.4386748388229167
2016-03-18,0.4282370123333334
2016-03-19,0.43433317347916667
2016-03-20,0.4365024703229166
2016-03-21,0.43779395105208335
2016-03-22,0.45023464746875
2016-03-23,0.4575901681145833
2016-03-24,0.45624279420833336
2016-03-25,0.453529873125
2016-03-26,0.45158419340625006
2016-03-27,0.4472443806875
2016-03-28,0.4510893144583334
2016-03-29,0.45399522580208335
2016-03-30,0.48455896721875
2016-03-31,0.5279920282083334
2016-04-01,0.56535528940625
2016-04-02,0.57650097446875
2016-04-03,0.5799434448854167
2016-04-04,0.6018799596979166
2016-04-05,0.6179360666666667
2016-04-06,0.60534172340625
2016-04-07,0.5933823256354166
2016-04-08,0.6022183067708333
2016-04-09,0.5788170368958333
2016-04-10,0.5462869345208333
2016-04-11,0.5210310399583333
2016-04-12,0.5047364972708334
2016-04-13,0.4893757309479167
2016-04-14,0.48613257488541667
2016-04-15,0.45948395746875
2016-04-16,0.4471311910208333
2016-04-17,0.43971781275000005
2016-04-18,0.42422182840625
2016-04-19,0.42855448819791664
2016-04-20,0.4095996999375
2016-04-21,0.3958327907916666
2016-04-22,0.3837642575104167
2016-04-23,0.37791245595833334
2016-04-24,0.36725194938541667
2016-04-25,0.35564669453125
2016-04-26,0.34424239814583335
2016-04-27,0.33268766847916664
2016-04-28,0.31650980382291666
2016-04-29,0.30359628904166663
2016-04-30,0.2922621020625
2016-05-01,0.2948906280520833
2016-05-02,0.3154319213958333
2016-05-03,0.334238279375
2016-05-04,0.32855877732291666
2016-05-05,0.31621896292708335
2016-05-06,0.30421166140625
2016-05-07,0.29525395544791666
2016-05-08,0.2900098985833333
2016-05-09,0.28542506576041665
2016-05-10,0.28028454694791666
2016-05-11,0.30065110568750003
2016-05-12,0.57208333415625
2016-05-13,0.47477200607291664
2016-05-14,0.44169167338541665
2016-05-15,0.44251941593750005
2016-05-16,0.43162019196874996
2016-05-17,0.4232599860729167
2016-05-18,0.40595088330208334
2016-05-19,0.44374302898958334
2016-05-20,0.46825168289583335
2016-05-21,0.44533849515625
2016-05-22,0.4404163264791667
2016-05-23,0.44499705534375006
2016-05-24,0.4298017027291667
2016-05-25,0.41342509940625
2016-05-26,0.4006825306770833
2016-05-27,0.38218231834375
2016-05-28,0.3629489660833333
2016-05-29,0.36404358845833334
2016-05-30,0.37354636579166667
2016-05-31,0.44885565092708335
2016-06-01,0.51755790625
2016-06-02,0.48076689666666667
2016-06-03,0.5053108851979167
2016-06-04,0.5189509796979167
2016-06-05,0.52447433403125
2016-06-06,0.5185607147083333
2016-06-07,0.5022472049791666
2016-06-08,0.49105157863541665
2016-06-09,0.5072511807395833
2016-06-10,0.5277636654270833
2016-06-11,0.5120368991250001
2016-06-12,0.49292103623958333
2016-06-13,0.47641051040625
2016-06-14,0.4631444438645833
2016-06-15,0.48314896015625
2016-06-16,0.46919949958333335
2016-06-17,0.46631293782291666
2016-06-18,0.44497681638541664
2016-06-19,0.42925146597916664
2016-06-20,0.4100194548020833
2016-06-21,0.3891531057916667
2016-06-22,0.3703896878645834
2016-06-23,0.350384121375
2016-06-24,0.2814137245520833
2016-06-25,0.2285462340625
2016-06-26,0.2140044573020833
2016-06-27,0.20051071269791665
2016-06-28,0.19073116139583335
2016-06-29,0.1819870462083333
2016-06-30,0.17484732638541667
2016-07-01,0.1658403144375
2016-07-02,0.16398935165625
2016-07-03,0.15344740560416667
2016-07-04,0.15176182146875
2016-07-05,0.142429936875
2016-07-06,0.137090352125
2016-07-07,0.13138459051041665
2016-07-08,0.12677466247916666
2016-07-09,0.12266250076041667
2016-07-10,0.11924132221875
2016-07-11,0.11577623677083333
2016-07-12,0.11450680829166666
2016-07-13,0.12151802091666668
2016-07-14,0.11279015409375
2016-07-15,0.10447313594791667
2016-07-16,0.10037386252083334
2016-07-17,0.09751799536458333
2016-07-18,0.09500092233333333
2016-07-19,0.09306694341666667
2016-07-20,0.09060563045833332
2016-07-21,0.08869731030208333
2016-07-22,0.08732197417708333
2016-07-23,0.09739927798958332
2016-07-24,0.088082846625
2016-07-25,0.08588937802083334
2016-07-26,0.08420400807291667
2016-07-27,0.08282520433333333
2016-07-28,0.08201219140625
2016-07-29,0.07976866940625
2016-07-30,0.07809439454166667
2016-07-31,0.09169707004166666
2016-08-01,0.08077387934375001
2016-08-02,0.07725925564583333
2016-08-03,0.07552596838541667
2016-08-04,0.07392424088541667
2016-08-05,0.17966760303124998
2016-08-06,0.10629957147916667
2016-08-07,0.09596028053125
2016-08-08,0.09464268415625
2016-08-09,0.09405454059375
2016-08-10,0.8061309477083333
2016-08-11,0.48932968948958333
2016-08-12,0.2792160329791667
2016-08-13,0.2578980887604167
2016-08-14,0.2551954096354167
2016-08-15,0.24973239789583335
2016-08-16,0.24171713959375
2016-08-17,0.23453720335416664
2016-08-18,0.22114155885416667
2016-08-19,0.20886687831249998
2016-08-20,0.20058859314583333
2016-08-21,0.18904151003125
2016-08-22,0.170479164
2016-08-23,0.15890829292708333
2016-08-24,0.14968182582291667
2016-08-25,0.14174627064583334
2016-08-26,0.13438103835416668
2016-08-27,0.1270499973125
2016-08-28,0.11786874938541668
2016-08-29,0.11028437211458332
2016-08-30,0.10569109667708333
2016-08-31,0.09736546948958334
2016-09-01,0.09114254185416666
2016-09-02,0.08719556229166668
2016-09-03,0.08321092554166666
2016-09-04,0.07969783846875
2016-09-05,0.07792490719791667
2016-09-06,0.07548958765625001
2016-09-07,0.07304146410416666
2016-09-08,0.07095884426041667
2016-09-09,0.0693420170625
2016-09-10,0.06819628936458333
2016-09-11,0.06576116098958333
2016-09-12,0.06396301891666667
2016-09-13,0.06254002348958333
2016-09-14,0.06066463809375
2016-09-15,0.06044792498958334
2016-09-16,0.06443067192708334
2016-09-17,0.06507840788541668
2016-09-18,0.06334337509375
2016-09-19,0.0605919905
2016-09-20,0.05869885540625
2016-09-21,0.058456788197916665
2016-09-22,0.057155689281250005
2016-09-23,0.05547864942708333
2016-09-24,0.054818766947916674
2016-09-25,0.054226656208333335
2016-09-26,0.052416949406249996
2016-09-27,0.05102466990624999
2016-09-28,0.04884856457291667
2016-09-29,0.048581355666666666
2016-09-30,0.047276190447916665
2016-10-01,0.04589378735416667
2016-10-02,0.04496781409375
2016-10-03,0.044316988770833336
2016-10-04,0.043860565239583336
2016-10-05,0.04227152371875
2016-10-06,0.0422263591875
2016-10-07,0.04071044692708333
2016-10-08,0.03985696839583333
2016-10-09,0.040216292583333334
2016-10-10,0.039507440458333334
2016-10-11,0.03912213111458333
2016-10-12,0.03864743236458333
2016-10-13,0.037832074729166665
2016-10-14,0.24789538058333335
2016-10-15,0.15023423060416666
2016-10-16,0.07100870686458334
2016-10-17,0.07063878071875
2016-10-18,0.06939830971875001
2016-10-19,0.06736801194791667
2016-10-20,0.07388039943750001
2016-10-21,0.06920727311458334
2016-10-22,0.06914244941666667
2016-10-23,0.06793523594791666
2016-10-24,0.0659758919375
2016-10-25,0.06280403930208334
2016-10-26,0.06280030636458334
2016-10-27,0.061585917
2016-10-28,0.06076889990625
2016-10-29,0.05943883423958333
2016-10-30,0.05801867630208333
2016-10-31,0.055817775656250006
2016-11-01,0.05433597122916667
2016-11-02,0.05342649147916667
2016-11-03,0.05044037666666667
2016-11-04,0.048371595281250006
2016-11-05,0.22775677560416666
2016-11-06,0.34827938665624997
2016-11-07,0.20589655229166667
2016-11-08,0.17763863060416665
2016-11-09,0.15916261845833332
2016-11-10,0.15006206461458332
2016-11-11,0.14402987417708332
2016-11-12,0.13815124905208334
2016-11-13,0.13414973322916665
2016-11-14,0.12863990747916668
2016-11-15,0.12283863715625
2016-11-16,0.11704571545833332
2016-11-17,0.11080114832291667
2016-11-18,0.104665309625
2016-11-19,0.12218233315625
2016-11-20,0.11088489950000001
2016-11-21,0.11040566363541666
2016-11-22,0.10736688784375
2016-11-23,0.102591008875
2016-11-24,0.09818926340625
2016-11-25,0.11465120252083333
2016-11-26,0.35636504015625
2016-11-27,0.2745746642083333
2016-11-28,0.26491453947916666
2016-11-29,0.24795337594791667
2016-11-30,0.24563721653125
2016-12-01,0.2490691511041667
2016-12-02,0.24887080540624998
2016-12-03,0.24126967996875
2016-12-04,0.23117932536458333
2016-12-05,0.22380338602083336
2016-12-06,0.2161859673020833
2016-12-07,0.20362814045833333
2016-12-08,0.19254023768749998
2016-12-09,0.18394821772916667
2016-12-10,0.17619636870833333
2016-12-11,0.16867668678125
2016-12-12,0.16133753271875
2016-12-13,0.15367507834375
2016-12-14,0.14712612788541665
2016-12-15,0.14095377257291666
2016-12-16,0.13298910748958334
2016-12-17,0.12655515985416668
2016-12-18,0.1212652446875
2016-12-19,0.11723804384375001
2016-12-20,0.11495346494791668
2016-12-21,0.11073481660416667
2016-12-22,0.10837180128125
2016-12-23,0.10396022037500001
2016-12-24,0.10441253834374999
2016-12-25,0.10214408532291668
2016-12-26,0.09943752135416667
2016-12-27,0.09692474215625001
2016-12-28,0.09442433276041667
2016-12-29,0.09241213170833333
2016-12-30,0.09027517717708333
2016-12-31,0.08990728229166667
2017-01-01,0.08829586410416668
2017-01-02,0.08660342352083333
2017-01-03,0.08256716746875001
2017-01-04,0.0809152985625
2017-01-05,0.07867497608333333
2017-01-06,0.07553099716666667
2017-01-07,0.07257519642708334
2017-01-08,0.07135885257291667
2017-01-09,0.07142219284375
2017-01-10,0.06877694398958333
2017-01-11,0.0662177545
2017-01-12,0.06644804994791667
2017-01-13,0.06672613426041667
2017-01-14,0.0649207949375
2017-01-15,0.062393605760416665
2017-01-16,0.06115914379166667
2017-01-17,0.06010016847916667
2017-01-18,0.05842963147916667
2017-01-19,0.057387652593750005
2017-01-20,0.056889283343750006
2017-01-21,0.05563450326041667
2017-01-22,0.0548804989375
2017-01-23,0.05412525732291667
2017-01-24,0.05469142034375
2017-01-25,0.05277170886458333
2017-01-26,0.05140404105208333
2017-01-27,0.0501957395
2017-01-28,0.04968068870833334
2017-01-29,0.04897886870833334
2017-01-30,0.048441646604166666
2017-01-31,0.04765728380208333
2017-02-01,0.047524687489583335
2017-02-02,0.04841464572916667
2017-02-03,0.08989281944791666
2017-02-04,0.08413384230208333
2017-02-05,0.09314776514583334
2017-02-06,0.12407985404166666
2017-02-07,0.14073511678125
2017-02-08,0.1334974644375
2017-02-09,0.13020004590625
2017-02-10,0.12803092103125
2017-02-11,0.1262616645
2017-02-12,0.12625643439583334
2017-02-13,0.126173857
2017-02-14,0.12646565646875
2017-02-15,0.12481013041666666
2017-02-16,0.122640265125
2017-02-17,0.12183243466666667
2017-02-18,0.11779355219791666
2017-02-19,0.112988046625
2017-02-20,0.10994508205208332
2017-02-21,0.10785169526041666
2017-02-22,0.10610421407291666
2017-02-23,0.10438021588541667
2017-02-24,0.11394367636458334
2017-02-25,0.12028217877083335
2017-02-26,0.11854243365625
2017-02-27,0.11872167506249999
2017-02-28,0.5354194995833333
2017-03-01,0.570153475125
2017-03-02,0.30899443302083335
2017-03-03,0.29309971533333334
2017-03-04,0.33405546146875004
2017-03-05,0.3492421868229167
2017-03-06,0.3390158494166666
2017-03-07,0.32027873254166667
2017-03-08,0.2876503991875
2017-03-09,0.25226825284375
2017-03-10,0.22361705661458334
2017-03-11,0.2057149586875
2017-03-12,0.188877869625
2017-03-13,0.16986024739583336
2017-03-14,0.14899692816666668
2017-03-15,0.13368678390625
2017-03-16,0.124475784875
2017-03-17,0.11596331429166667
2017-03-18,0.108655775375
2017-03-19,0.10399212384375
2017-03-20,0.10051504285416667
2017-03-21,0.09748608463541668
2017-03-22,0.09395606569791666
2017-03-23,0.09300138426041667
2017-03-24,0.09046309980208334
2017-03-25,0.09066822335416667
2017-03-26,0.09323513110416666
2017-03-27,0.08980659598958333
2017-03-28,0.08695285918750001
2017-03-29,0.08476489652083334
2017-03-30,0.080412303875
2017-03-31,0.07849662919791667
2017-04-01,0.076746672375
2017-04-02,0.07457295783333333
2017-04-03,0.07197047787500001
2017-04-04,0.0705901114375
2017-04-05,0.07071162814583333
2017-04-06,0.06744549990625
2017-04-07,0.06502156658333334
2017-04-08,0.06298902382291667
2017-04-09,0.060945900708333334
2017-04-10,0.0594245289375
2017-04-11,0.05807693247916667
2017-04-12,0.05614175623958333
2017-04-13,0.054426090281250006
2017-04-14,0.05252708830208333
2017-04-15,0.05109554019791667
2017-04-16,0.049469695625000004
2017-04-17,0.04757066896875
2017-04-18,0.04607074807291667
2017-04-19,0.04446662848958333
2017-04-20,0.042719536031250005
2017-04-21,0.04330333004166667
2017-04-22,0.04378956328125
2017-04-23,0.04240526355208333
2017-04-24,0.0412606508125
2017-04-25,0.040409628541666666
2017-04-26,0.09186385090625
2017-04-27,0.3789987648125
2017-04-28,0.40556622009375
2017-04-29,0.26987299138541665
2017-04-30,0.23388871343749998
2017-05-01,0.23083284170833332
2017-05-02,0.22195189363541667
2017-05-03,0.23796759494791667
2017-05-04,0.26895504715625
2017-05-05,0.29872771503125
2017-05-06,0.29863539155208335
2017-05-07,0.3060631718333333
2017-05-08,0.3028167695208333
2017-05-09,0.2946623559375
2017-05-10,0.27719728466666665
2017-05-11,0.2608959873125
2017-05-12,0.24623998780208334
2017-05-13,0.22749953583333335
2017-05-14,0.20877294435416668
2017-05-15,0.191388657625
2017-05-16,0.17666691443750002
2017-05-17,0.16449005985416668
2017-05-18,0.15308362742708334
2017-05-19,0.14769500288541668
2017-05-20,0.13370016516666666
2017-05-21,0.12111297551041666
2017-05-22,0.11195618853125
2017-05-23,0.10408435294791667
2017-05-24,0.09657225819791666
2017-05-25,0.09125754230208333
2017-05-26,0.08617111617708334
2017-05-27,0.08092546534375
2017-05-28,0.07572928228125
2017-05-29,0.07270842864583334
2017-05-30,0.06951984905208333
2017-05-31,0.06566704925
2017-06-01,0.06242330073958333
2017-06-02,0.06043212511458334
2017-06-03,0.057973658458333334
2017-06-04,0.05587334083333333
2017-06-05,0.054875095302083336
2017-06-06,0.06354848939583334
2017-06-07,0.055154209625000006
2017-06-08,0.0507036634375
2017-06-09,0.05853631301041667
2017-06-10,0.06202433689583334
2017-06-11,0.06090236136458333
2017-06-12,0.05956238944791667
2017-06-13,0.05851156663541667
2017-06-14,0.06428843016666667
2017-06-15,0.054514038875000004
2017-06-16,0.052309095364583336
2017-06-17,0.051288247333333335
2017-06-18,0.050503953406249996
2017-06-19,0.04981300032291666
2017-06-20,0.04959770364583333
2017-06-21,0.04924941607291666
2017-06-22,0.04800741972916667
2017-06-23,0.04626285691666667
2017-06-24,0.045691267229166665
2017-06-25,0.05059779605208333
2017-06-26,0.044163147072916666
2017-06-27,0.04317423792708333
2017-06-28,0.04768704309375
2017-06-29,0.11498703712500001
2017-06-30,0.04403021622916667
2017-07-01,0.04508479591666667
2017-07-02,0.047107823937499994
2017-07-03,0.04613701427083333
2017-07-04,0.045139494395833334
2017-07-05,0.04454526720833333
2017-07-06,0.04340617697916666
2017-07-07,0.04186922277083333
2017-07-08,0.040323368114583334
2017-07-09,0.03978866764583333
2017-07-10,0.038422125583333334
2017-07-11,0.037689072145833336
2017-07-12,0.03657427909375
2017-07-13,0.035559682739583334
2017-07-14,0.03619339382291666
2017-07-15,0.03515837020833333
2017-07-16,0.03469898948958333
2017-07-17,0.03430397083333333
2017-07-18,0.03390039317708333
2017-07-19,0.03352988979166666
2017-07-20,0.03318033970833333
2017-07-21,0.03246851583333333
2017-07-22,0.03157793576041667
2017-07-23,0.030363903395833333
2017-07-24,0.051660293999999995
2017-07-25,0.029487582479166666
2017-07-26,0.029393111729166668
2017-07-27,0.028737318197916667
2017-07-28,0.027997948520833333
2017-07-29,0.027828045531249998
2017-07-30,0.02993532484375
2017-07-31,0.02851468121875
2017-08-01,0.027270459166666667
2017-08-02,0.0268909306875
2017-08-03,0.026471287333333333
2017-08-04,0.02592809085416667
2017-08-05,0.02541482753125
2017-08-06,0.04841016522916666
2017-08-07,0.024835594072916665
2017-08-08,0.02420576966666667
2017-08-09,0.023967542968750002
2017-08-10,0.023576430250000002
2017-08-11,0.0229637103125
2017-08-12,0.02255670034375
2017-08-13,0.02223433194791667
2017-08-14,0.02168683803125
2017-08-15,0.021379717479166668
2017-08-16,0.021129226895833336
2017-08-17,0.020587713520833332
2017-08-18,0.02026347459375
2017-08-19,0.06622494001041666
2017-08-20,0.027748671104166667
2017-08-21,0.024455322552083335
2017-08-22,0.02422258704166667
2017-08-23,0.023551761895833332
2017-08-24,0.022837022375000002
2017-08-25,0.022406734843749998
2017-08-26,0.021840467989583334
2017-08-27,0.021226368125000002
2017-08-28,0.025937911583333334
2017-08-29,0.02298331336458333
2017-08-30,0.0223160494375
2017-08-31,0.022183460875
2017-09-01,0.027810255208333332
2017-09-02,0.038215821708333333
2017-09-03,0.03709923491666667
2017-09-04,0.025612454208333333
2017-09-05,0.02460862759375
2017-09-06,0.024263380249999997
2017-09-07,0.023658430625
2017-09-08,0.023245846677083334
2017-09-09,0.02408732632291667
2017-09-10,0.11170549229166667
2017-09-11,0.04252905066666667
2017-09-12,0.11834371378125001
2017-09-13,0.055443206489583334
2017-09-14,0.0547638321875
2017-09-15,0.05443527308333334
2017-09-16,0.07461209164583334
2017-09-17,0.06619806013541667
2017-09-18,0.06771877085416667
2017-09-19,0.10639746158333334
2017-09-20,0.09240994767708333
2017-09-21,0.08153175314583334
2017-09-22,0.07652485847916667
2017-09-23,0.07013574628125001
2017-09-24,0.12465423877083333
2017-09-25,0.10163373298958334
2017-09-26,0.0906521990625
2017-09-27,0.08931168882291667
2017-09-28,0.08431410157291667
2017-09-29,0.07734021319791666
2017-09-30,0.07276588042708333
2017-10-01,0.068485808625
2017-10-02,0.06548773594791667
2017-10-03,0.06198150983333334
2017-10-04,0.057581157249999994
2017-10-05,0.055261871739583336
2017-10-06,0.05365551698958334
2017-10-07,0.04844191804166667
2017-10-08,0.04625494389583334
2017-10-09,0.045455751885416666
2017-10-10,0.042952737416666664
2017-10-11,0.04153874403125
2017-10-12,0.038759413822916665
2017-10-13,0.03698747458333333
2017-10-14,0.035299888885416665
2017-10-15,0.03344588248958333
2017-10-16,0.031922271739583334
2017-10-17,0.031029461864583333
2017-10-18,0.03024322341666667
2017-10-19,0.02974272630208333
2017-10-20,0.029696800031249998
2017-10-21,0.029344565510416667
2017-10-22,0.030250078395833335
2017-10-23,0.02794595767708333
2017-10-24,0.0276157925
2017-10-25,0.02805463520833333
2017-10-26,0.027825005708333333
2017-10-27,0.02807200921875
2017-10-28,0.027215846760416666
2017-10-29,0.026925955458333335
2017-10-30,0.026791635156249997
2017-10-31,0.026352817947916666
2017-11-01,0.02637005328125
2017-11-02,0.026431692875
2017-11-03,0.025793489791666666
2017-11-04,0.025564859177083333
2017-11-05,0.060234719322916665
2017-11-06,0.15194839921875
2017-11-07,0.16229102274999999
2017-11-08,0.177289829125
2017-11-09,0.137865665
2017-11-10,0.13676637314583331
2017-11-11,0.13604113069791665
2017-11-12,0.13900736863541666
2017-11-13,0.16628052257291667
2017-11-14,0.16197234826041668
2017-11-15,0.16343759886458334
2017-11-16,0.15932770523958334
2017-11-17,0.15264950289583332
2017-11-18,0.14489918285416667
2017-11-19,0.137678208625
2017-11-20,0.12736041991666666
2017-11-21,0.11656885655208334
2017-11-22,0.10550680173958334
2017-11-23,0.09602789375
2017-11-24,0.08971676754166667
2017-11-25,0.1584779705625
2017-11-26,0.15744092869791668
2017-11-27,0.13923832686458334
2017-11-28,0.13295509603125
2017-11-29,0.12872253115625001
2017-11-30,0.12547140086458333
2017-12-01,0.12081609380208334
2017-12-02,0.11919808477083334
2017-12-03,0.11592605639583332
2017-12-04,0.11200589721875
2017-12-05,0.10802006095833333
2017-12-06,0.10550811677083333
2017-12-07,0.102190905
2017-12-08,0.09809533557291666
2017-12-09,0.09477583371875
2017-12-10,0.08760262129166667
2017-12-11,0.5080565738645834
2017-12-12,2.41289663559375
2017-12-13,0.6482103073229167
2017-12-14,0.6846272753645833
2017-12-15,0.6641270096666666
2017-12-16,0.6522335826458333
2017-12-17,0.60015993053125
2017-12-18,0.5616317338020833
2017-12-19,0.52498071525
2017-12-20,0.47101742759375
2017-12-21,0.44789225009375006
2017-12-22,0.4317826032291667
2017-12-23,0.4172481953229166
2017-12-24,0.38888234969791663
2017-12-25,0.3606532127604167
2017-12-26,0.34645445108333334
2017-12-27,0.4050108389791667
2017-12-28,0.5102298828645834
2017-12-29,0.4774475853229167
2017-12-30,0.4299914261354167
2017-12-31,0.40549476653125
2018-01-01,0.4080239403541666
2018-01-02,0.40083360346875
2018-01-03,0.3863417062916667
2018-01-04,0.38111481756250004
2018-01-05,0.36882676366666667
2018-01-06,0.3673118528958333
2018-01-07,0.3684672172916667
2018-01-08,0.4372983668333333
2018-01-09,3.499573969375
2018-01-10,1.4438589489687501
2018-01-11,1.6060153698333333
2018-01-12,1.1747559862604167
2018-01-13,0.9871297736145833
2018-01-14,0.8783522353229167
2018-01-15,0.7957567105208333
2018-01-16,0.7560236147604167
2018-01-17,0.7318960973125
2018-01-18,0.6823692958020833
2018-01-19,0.6537189099583333
2018-01-20,0.6270950692083334
2018-01-21,0.6030376328229167
2018-01-22,0.5593878257291667
2018-01-23,0.5361062241041666
2018-01-24,0.50177326553125
2018-01-25,0.4888097572291667
2018-01-26,0.4745765578020833
2018-01-27,0.4568888090625
2018-01-28,0.4385758723541667
2018-01-29,0.43118860691666666
2018-01-30,0.420101714125
2018-01-31,0.4031127536666667
2018-02-01,0.446592653
2018-02-02,0.48066147052083336
2018-02-03,0.47455001176041667
2018-02-04,0.45333517964583336
2018-02-05,0.43774662803125003
2018-02-06,0.4280655848333333
2018-02-07,0.4243624649166667
2018-02-08,0.41324881204166664
2018-02-09,0.4052238181666667
2018-02-10,0.3947424932916667
2018-02-11,0.3816534373020833
2018-02-12,0.35339332794791667
2018-02-13,0.3428766428020833
2018-02-14,0.33086177491666663
2018-02-15,0.31209416811458335
2018-02-16,0.29453016722916664
2018-02-17,0.28863429395833334
2018-02-18,0.28293574171874997
2018-02-19,0.27471982475
2018-02-20,0.26728364685416667
2018-02-21,0.2599458593020833
2018-02-22,0.25532663991666665
2018-02-23,0.25160673236458336
2018-02-24,0.25498991346875
2018-02-25,0.25387879538541663
2018-02-26,0.24335350064583336
2018-02-27,0.2355427903125
2018-02-28,0.23427673671875002
2018-03-01,0.23286869598958335
2018-03-02,0.23944700945833333
2018-03-03,0.23115294746875
2018-03-04,0.22809549053125
2018-03-05,0.22982320984375001
2018-03-06,0.2442362459375
2018-03-07,0.26007499291666664
2018-03-08,0.27583175626041667
2018-03-09,0.28558126745833334
2018-03-10,0.30964176804166665
2018-03-11,0.5371522933020834
2018-03-12,0.9219244899687501
2018-03-13,0.760115995
2018-03-14,0.7279602194166667
2018-03-15,0.7419158105520833
2018-03-16,0.8058658067812501
2018-03-17,0.87053997053125
2018-03-18,0.8728615676041667
2018-03-19,0.89890454890625
2018-03-20,0.8838823152604167
2018-03-21,0.8413629376666667
2018-03-22,0.8163734976875
2018-03-23,0.7920963475729167
2018-03-24,0.7573007681979167
2018-03-25,0.7034129809583334
2018-03-26,0.6554407331354167
2018-03-27,0.61122260246875
2018-03-28,0.5880721781875
2018-03-29,0.5788160248020834
2018-03-30,0.6655178649270833
2018-03-31,0.8268639852708333
2018-04-01,0.8265765005208333
2018-04-02,0.7885170176249999
2018-04-03,0.7863266116041667
2018-04-04,0.9155229498645833
2018-04-05,1.0117110962916667
2018-04-06,0.9367177215729167
2018-04-07,0.9276716452604167
2018-04-08,0.9024127523645834
2018-04-09,1.2177352268125
2018-04-10,1.442888571875
2018-04-11,1.4414060300208333
2018-04-12,2.1233006908333336
2018-04-13,2.3559823078749997
2018-04-14,1.9350826338333331
2018-04-15,1.6108865053854167
2018-04-16,1.5211279224270833
2018-04-17,1.27362422803125
2018-04-18,1.1144687024270834
2018-04-19,1.0335272578229167
2018-04-20,0.9197601786249999
2018-04-21,0.8359339953958332
2018-04-22,0.76230826215625
2018-04-23,0.6872667577083332
2018-04-24,0.6367927745833334
2018-04-25,0.5818962978958333
2018-04-26,0.5466317522604166
2018-04-27,0.5151334735833334
2018-04-28,0.493682461375
2018-04-29,0.47617668894791665
2018-04-30,0.45602461671875
2018-05-01,0.4297042999895833
2018-05-02,0.41676616197916666
2018-05-03,0.47750467503125
2018-05-04,2.0847906246562498
2018-05-05,1.3852083231875
2018-05-06,1.2858514217708332
2018-05-07,1.3498569649374998
2018-05-08,1.21675540953125
2018-05-09,1.2315686952916667
2018-05-10,1.3234026600520834
2018-05-11,1.2107962485625
2018-05-12,1.1561889500208333
2018-05-13,1.1034482057395834
2018-05-14,1.18809760484375
2018-05-15,1.2370611315104167
2018-05-16,1.2450709517708334
2018-05-17,1.1948385154583334
2018-05-18,1.11406045390625
2018-05-19,1.0474328218958333
2018-05-20,0.9954165780833333
2018-05-21,0.961066997125
2018-05-22,0.92960708246875
2018-05-23,0.8888419025104167
2018-05-24,0.8572725333854166
2018-05-25,0.8237347373333334
2018-05-26,0.7916628205208333
2018-05-27,0.7598392833333333
2018-05-28,0.7264481683020834
2018-05-29,0.7519664317916667
2018-05-30,0.77298894003125
2018-05-31,0.7704525398020833
2018-06-01,0.7276177030416666
2018-06-02,0.7261285895833334
2018-06-03,0.6989671278541666
2018-06-04,0.7295787932604166
2018-06-05,0.7877094558125001
2018-06-06,0.7532152470833333
2018-06-07,0.7147502303645834
2018-06-08,0.7804227505416667
2018-06-09,0.7767098060729167
2018-06-10,0.76559240840625
2018-06-11,0.74436465084375
2018-06-12,0.7303217812916666
2018-06-13,0.7054788519895833
2018-06-14,0.6854794317916667
2018-06-15,0.6600580173125
2018-06-16,0.6327986576666667
2018-06-17,0.60567574509375
2018-06-18,0.5872305233645834
2018-06-19,0.5586756894270833
2018-06-20,0.5410284756145833
2018-06-21,0.5199159718333334
2018-06-22,0.5055469584166666
2018-06-23,0.4890736750625
2018-06-24,0.4627290019583334
2018-06-25,0.45232007221875
2018-06-26,0.4352735069479167
2018-06-27,0.42454050428125
2018-06-28,0.4149636646666666
2018-06-29,0.4037251918645833
2018-06-30,0.39254563476041665
2018-07-01,0.3852051853541667
2018-07-02,0.37764308465625
2018-07-03,0.3671167995729167
2018-07-04,0.35907065318750003
2018-07-05,0.35957222472916667
2018-07-06,0.3430040677083333
2018-07-07,0.33196102646875
2018-07-08,0.32340500973958336
2018-07-09,0.31452894478125
2018-07-10,0.31280171260416667
2018-07-11,0.34353582789583337
2018-07-12,0.30342800669791664
2018-07-13,0.29727451609375
2018-07-14,0.29081144067708337
2018-07-15,0.28309082012500003
2018-07-16,0.28846081927083334
2018-07-17,0.28374070411458335
2018-07-18,0.2755587359583333
2018-07-19,0.27357310317708333
2018-07-20,0.2660748775520833
2018-07-21,0.34143051402083335
2018-07-22,0.2702929473541667
2018-07-23,0.4263289947083333
2018-07-24,0.27505412855208333
2018-07-25,0.26449495130208334
2018-07-26,0.27198478247916663
2018-07-27,0.26024999989583336
2018-07-28,0.2576314299895833
2018-07-29,0.25704342497916666
2018-07-30,0.26304495702083336
2018-07-31,0.25508527703125
2018-08-01,0.25157081522916663
2018-08-02,0.2441705295625
2018-08-03,0.24205070857291666
2018-08-04,0.24011905956250001
2018-08-05,0.23811952855208332
2018-08-06,0.23387822410416667
2018-08-07,0.22779371053125
2018-08-08,0.22379606521874998
2018-08-09,0.34017887811458336
2018-08-10,0.23700898196875
2018-08-11,0.22974211518749998
2018-08-12,0.2335357189375
2018-08-13,0.2376373697708333
2018-08-14,0.24051188488541667
2018-08-15,0.2408874599479167
2018-08-16,0.24020708667708335
2018-08-17,0.23805925827083332
2018-08-18,0.23590738881249998
2018-08-19,0.23478850871875
2018-08-20,0.230188044875
2018-08-21,0.22509670828124997
2018-08-22,0.22024572501041664
2018-08-23,0.21303542647916665
2018-08-24,0.21159656569791666
2018-08-25,0.4019082788333333
2018-08-26,0.47656840232291664
2018-08-27,0.2620607255520833
2018-08-28,0.25665670517708333
2018-08-29,0.2534219540729167
2018-08-30,0.25872858282291666
2018-08-31,0.26616593804166666
2018-09-01,0.4749789821979167
2018-09-02,2.33416016671875
2018-09-03,1.1604098244270833
2018-09-04,1.1784248618854167
2018-09-05,1.2140265091354168
2018-09-06,1.15211527665625
2018-09-07,0.9895678392916666
2018-09-08,0.8944321498854166
2018-09-09,0.8022878616458334
2018-09-10,0.7398530125833332
2018-09-11,0.679950652125
2018-09-12,0.6104330303125
2018-09-13,0.567529626875
2018-09-14,0.5374443385312501
2018-09-15,0.5145890461041667
2018-09-16,0.48939073240625003
2018-09-17,0.48198190575000005
2018-09-18,0.46054927571875
2018-09-19,0.43268305507291666
2018-09-20,0.41168532805208335
2018-09-21,0.39770947898958336
2018-09-22,0.3856847162083333
2018-09-23,0.3712855770416667
2018-09-24,0.35555565428124997
2018-09-25,0.3377531590520833
2018-09-26,0.32197708715625
2018-09-27,0.31300908290625
2018-09-28,0.30597426794791666
2018-09-29,0.30027748596875
2018-09-30,0.2930287357083333
2018-10-01,0.3095684188125
2018-10-02,0.29298309336458334
2018-10-03,0.2776319272604167
2018-10-04,0.2678750528229167
2018-10-05,0.26167891386458336
2018-10-06,0.26264565192708333
2018-10-07,0.25983945186458335
2018-10-08,0.2509274417083333
2018-10-09,0.24697705415625001
2018-10-10,0.24217849364583333
2018-10-11,0.2372097616875
2018-10-12,0.233379076625
2018-10-13,0.22737965135416668
2018-10-14,0.2249887426875
2018-10-15,0.22322294397916667
2018-10-16,0.21851628265625
2018-10-17,0.21416180669791665
2018-10-18,0.21070448336458333
2018-10-19,0.20475977850000002
2018-10-20,0.2006925598125
2018-10-21,0.19511012830208332
2018-10-22,0.18933485617708334
2018-10-23,0.18744224328125
2018-10-24,0.1861154941458333
2018-10-25,0.18158761571875
2018-10-26,0.18039342017708335